20221118,09:15:18,18571.95,1,483950
20221118,09:15:18,18571.95,50,483950
20221118,09:15:20,18579.45,50,483950
20221118,09:15:23,18579.50,50,483950
20221118,09:15:27,18579.50,50,483950
20221118,09:15:32,18573.35,100,483950
20221118,09:15:35,18573.35,50,483950
20221118,09:15:37,18573.35,250,483950
20221118,09:15:39,18572.90,200,483950
20221118,09:15:40,18562.75,50,483950
20221118,09:15:43,18562.75,150,483950
20221118,09:15:50,18564.35,650,483950
20221118,09:15:52,18564.35,50,483950
20221118,09:15:53,18559.40,100,483950
20221118,09:15:59,18559.40,100,483950
20221118,09:16:00,18560.95,50,483950
20221118,09:16:03,18559.45,50,483950
20221118,09:16:03,18559.40,300,483950
20221118,09:16:15,18555.35,50,483950
20221118,09:16:18,18555.35,50,483950
20221118,09:16:20,18560.00,250,483950
20221118,09:16:21,18564.30,150,483950
20221118,09:16:22,18564.35,100,483950
20221118,09:16:33,18564.35,50,483950
20221118,09:16:34,18561.85,200,483950
20221118,09:16:43,18561.00,50,483950
20221118,09:16:52,18560.60,50,483950
20221118,09:16:53,18560.30,150,483950
20221118,09:16:56,18561.35,100,483950
20221118,09:16:58,18562.00,50,483950
20221118,09:17:12,18562.00,50,483950
20221118,09:17:29,18552.80,100,485100
20221118,09:17:41,18552.80,100,485100
20221118,09:18:26,18558.50,50,485100
20221118,09:18:29,18560.00,100,485100
20221118,09:18:45,18557.55,50,485100
20221118,09:18:58,18560.00,50,485100
20221118,09:19:01,18557.25,100,485100
20221118,09:19:26,18558.00,300,485100
20221118,09:19:32,18555.00,50,485100
20221118,09:19:39,18554.45,100,485100
20221118,09:19:42,18551.00,250,485100
20221118,09:19:43,18551.00,50,485100
20221118,09:19:48,18550.05,50,485100
20221118,09:19:49,18550.05,50,485100
20221118,09:20:01,18550.05,50,485100
20221118,09:20:24,18550.80,50,485650
20221118,09:20:25,18550.00,200,485650
20221118,09:20:28,18550.25,50,485650
20221118,09:20:42,18550.50,50,485650
20221118,09:20:49,18550.65,150,485650
20221118,09:20:57,18553.85,100,485650
20221118,09:20:58,18553.85,50,485650
20221118,09:21:15,18551.00,100,485650
20221118,09:21:20,18550.25,250,485650
20221118,09:21:22,18550.00,200,485650
20221118,09:21:23,18550.00,250,485650
20221118,09:21:24,18549.80,50,485650
20221118,09:21:53,18544.00,50,485650
20221118,09:21:57,18542.35,50,485650
20221118,09:22:08,18542.35,100,485650
20221118,09:22:12,18548.60,50,485650
20221118,09:22:19,18542.05,550,485650
20221118,09:22:40,18542.05,50,485650
20221118,09:22:42,18542.05,50,485650
20221118,09:22:58,18544.85,50,485650
20221118,09:23:11,18546.80,50,485650
20221118,09:23:14,18546.50,300,485650
20221118,09:23:45,18549.50,50,486750
20221118,09:23:58,18550.00,50,486750
20221118,09:24:05,18549.00,100,486750
20221118,09:24:07,18549.00,100,486750
20221118,09:24:16,18550.00,100,486750
20221118,09:24:18,18550.05,50,486750
20221118,09:24:29,18550.00,50,486750
20221118,09:24:51,18550.00,50,486750
20221118,09:25:08,18546.50,50,486750
20221118,09:25:31,18544.00,100,486750
20221118,09:25:45,18540.05,50,486750
20221118,09:25:46,18540.05,50,486750
20221118,09:25:52,18540.00,100,486750
20221118,09:25:53,18540.00,50,486750
20221118,09:25:54,18541.70,50,486750
20221118,09:25:59,18540.00,50,486750
20221118,09:26:02,18540.75,50,486750
20221118,09:26:57,18541.40,50,486750
20221118,09:27:00,18540.00,200,486750
20221118,09:27:03,18540.00,50,486750
20221118,09:27:04,18540.00,150,486750
20221118,09:27:05,18540.00,50,486750
20221118,09:27:06,18540.00,150,486750
20221118,09:27:07,18540.00,50,486750
20221118,09:27:08,18540.00,50,486750
20221118,09:27:09,18540.00,50,486750
20221118,09:27:10,18540.00,50,486750
20221118,09:27:11,18540.00,100,486750
20221118,09:27:15,18540.75,50,486750
20221118,09:27:17,18540.00,50,486750
20221118,09:27:22,18540.00,100,486750
20221118,09:27:26,18540.00,50,486750
20221118,09:27:32,18542.25,50,486750
20221118,09:27:43,18540.75,250,486750
20221118,09:27:48,18540.75,50,486750
20221118,09:27:50,18540.75,100,486750
20221118,09:27:51,18540.75,100,486750
20221118,09:27:54,18538.20,50,486750
20221118,09:28:15,18538.15,100,486750
20221118,09:28:23,18537.95,50,486750
20221118,09:28:25,18535.00,100,486750
20221118,09:28:27,18534.65,400,486750
20221118,09:28:32,18534.65,50,486750
20221118,09:29:02,18533.75,50,486750
20221118,09:29:18,18533.75,50,486750
20221118,09:29:26,18533.00,50,488350
20221118,09:29:32,18531.70,100,488350
20221118,09:29:46,18531.70,50,488350
20221118,09:29:49,18534.00,50,488350
20221118,09:30:13,18532.55,50,488350
20221118,09:30:29,18533.15,100,488350
20221118,09:30:31,18538.85,50,488350
20221118,09:30:54,18536.80,150,488350
20221118,09:31:23,18535.00,150,488350
20221118,09:31:35,18537.00,50,488350
20221118,09:31:36,18539.85,50,488350
20221118,09:31:41,18537.00,50,488350
20221118,09:31:50,18537.15,200,488350
20221118,09:32:02,18537.30,50,488350
20221118,09:32:05,18536.25,150,488350
20221118,09:32:23,18539.25,50,488350
20221118,09:32:26,18536.25,50,488700
20221118,09:32:28,18535.20,150,488700
20221118,09:32:33,18531.00,150,488700
20221118,09:32:34,18528.00,550,488700
20221118,09:33:18,18528.00,100,488700
20221118,09:33:27,18531.65,100,488700
20221118,09:33:46,18532.00,50,488700
20221118,09:33:51,18531.00,50,488700
20221118,09:34:05,18532.00,50,488700
20221118,09:34:13,18531.25,50,488700
20221118,09:34:33,18535.00,50,488700
20221118,09:35:02,18536.05,50,488700
20221118,09:35:37,18532.35,50,489550
20221118,09:35:52,18532.00,50,489550
20221118,09:35:54,18532.00,100,489550
20221118,09:36:05,18531.00,50,489550
20221118,09:36:08,18530.05,50,489550
20221118,09:36:09,18527.65,50,489550
20221118,09:36:11,18527.00,50,489550
20221118,09:36:58,18526.20,50,489550
20221118,09:37:00,18526.10,50,489550
20221118,09:37:02,18526.10,50,489550
20221118,09:37:03,18525.25,50,489550
20221118,09:37:06,18525.00,150,489550
20221118,09:37:07,18525.00,100,489550
20221118,09:37:08,18525.00,100,489550
20221118,09:37:10,18515.65,1000,489550
20221118,09:37:15,18515.65,50,489550
20221118,09:37:20,18519.00,100,489550
20221118,09:37:39,18519.50,50,489550
20221118,09:37:40,18520.00,50,489550
20221118,09:37:42,18519.70,50,489550
20221118,09:37:48,18518.95,100,489550
20221118,09:38:06,18520.55,50,489550
20221118,09:38:26,18526.75,50,489550
20221118,09:38:36,18527.00,50,490000
20221118,09:38:38,18526.85,50,490000
20221118,09:38:42,18527.00,100,490000
20221118,09:38:50,18527.00,50,490000
20221118,09:39:15,18526.75,50,490000
20221118,09:39:25,18525.00,150,490000
20221118,09:39:31,18525.10,50,490000
20221118,09:39:34,18524.00,100,490000
20221118,09:39:40,18525.50,50,490000
20221118,09:39:42,18524.00,50,490000
20221118,09:40:06,18526.60,100,490000
20221118,09:41:19,18524.00,50,490000
20221118,09:41:24,18523.95,1000,490000
20221118,09:41:26,18524.95,150,490000
20221118,09:41:28,18525.35,50,489800
20221118,09:41:29,18527.00,150,489800
20221118,09:41:37,18526.45,50,489800
20221118,09:41:38,18529.85,100,489800
20221118,09:41:40,18529.85,100,489800
20221118,09:41:43,18529.90,50,489800
20221118,09:41:47,18529.20,200,489800
20221118,09:41:49,18531.20,100,489800
20221118,09:41:50,18529.90,50,489800
20221118,09:42:05,18532.40,50,489800
20221118,09:42:09,18530.05,50,489800
20221118,09:42:10,18534.00,50,489800
20221118,09:42:17,18534.50,50,489800
20221118,09:42:18,18534.60,100,489800
20221118,09:42:20,18532.00,100,489800
20221118,09:42:23,18534.70,50,489800
20221118,09:42:24,18534.50,50,489800
20221118,09:42:30,18534.15,500,489800
20221118,09:42:40,18530.00,50,489800
20221118,09:42:41,18527.10,50,489800
20221118,09:43:05,18526.60,50,489800
20221118,09:43:14,18527.45,50,489800
20221118,09:43:28,18529.25,50,489800
20221118,09:43:30,18529.00,50,489800
20221118,09:43:33,18532.00,100,489800
20221118,09:43:37,18530.55,50,489800
20221118,09:43:44,18530.70,100,489800
20221118,09:44:07,18532.70,50,489800
20221118,09:44:11,18529.45,50,489800
20221118,09:44:16,18530.15,100,489800
20221118,09:45:28,18530.00,50,489800
20221118,09:45:31,18533.10,100,490900
20221118,09:45:32,18533.15,100,490900
20221118,09:45:42,18535.75,50,490900
20221118,09:46:05,18533.65,50,490900
20221118,09:46:09,18536.95,50,490900
20221118,09:46:11,18534.25,150,490900
20221118,09:46:12,18534.65,50,490900
20221118,09:46:14,18533.40,50,490900
20221118,09:46:15,18534.60,50,490900
20221118,09:46:25,18537.80,50,490900
20221118,09:46:33,18536.10,50,490900
20221118,09:46:43,18535.60,100,490900
20221118,09:47:07,18533.40,50,490900
20221118,09:47:23,18531.85,50,490900
20221118,09:47:42,18528.00,50,490900
20221118,09:47:58,18525.25,50,491300
20221118,09:48:00,18525.05,250,491300
20221118,09:48:01,18525.00,100,491300
20221118,09:48:02,18522.95,50,491300
20221118,09:48:07,18522.25,400,491300
20221118,09:48:13,18522.05,100,491300
20221118,09:48:24,18522.00,50,491300
20221118,09:48:36,18522.00,100,491300
20221118,09:48:37,18522.00,50,491300
20221118,09:48:38,18522.00,50,491300
20221118,09:48:41,18522.00,50,491300
20221118,09:48:42,18522.00,50,491300
20221118,09:48:44,18522.00,100,491300
20221118,09:48:46,18520.00,150,491300
20221118,09:48:50,18520.00,100,491300
20221118,09:48:59,18518.10,100,491300
20221118,09:49:00,18518.10,100,491300
20221118,09:49:18,18522.00,50,491300
20221118,09:49:36,18522.00,50,491300
20221118,09:49:39,18522.40,50,491300
20221118,09:49:40,18522.35,50,491300
20221118,09:49:44,18522.00,100,491300
20221118,09:49:55,18524.60,50,491300
20221118,09:50:17,18522.00,50,491300
20221118,09:50:34,18525.20,50,491300
20221118,09:50:37,18525.50,50,492550
20221118,09:51:21,18529.90,100,492550
20221118,09:51:30,18530.00,50,492550
20221118,09:51:46,18528.20,100,492550
20221118,09:51:54,18534.70,50,492550
20221118,09:52:18,18527.45,50,492550
20221118,09:52:19,18527.25,50,492550
20221118,09:52:36,18525.90,50,492550
20221118,09:52:51,18522.05,100,492550
20221118,09:53:05,18520.00,100,492550
20221118,09:53:16,18518.40,50,492550
20221118,09:53:20,18518.35,150,492550
20221118,09:53:33,18518.00,200,492600
20221118,09:53:39,18520.00,50,492600
20221118,09:53:41,18518.00,50,492600
20221118,09:53:46,18520.00,100,492600
20221118,09:53:54,18520.00,50,492600
20221118,09:54:34,18520.30,150,492600
20221118,09:54:43,18520.30,100,492600
20221118,09:54:44,18517.70,50,492600
20221118,09:54:45,18520.30,400,492600
20221118,09:54:50,18520.25,150,492600
20221118,09:54:51,18516.60,200,492600
20221118,09:54:54,18518.00,50,492600
20221118,09:55:04,18515.00,150,492600
20221118,09:55:11,18515.00,200,492600
20221118,09:55:12,18515.00,50,492600
20221118,09:55:17,18515.00,50,492600
20221118,09:55:30,18515.00,50,492600
20221118,09:55:48,18511.00,150,492600
20221118,09:55:53,18511.00,100,492600
20221118,09:56:06,18511.00,600,492600
20221118,09:56:38,18511.00,50,492650
20221118,09:56:39,18514.00,100,492650
20221118,09:56:47,18514.00,50,492650
20221118,09:56:48,18514.00,1300,492650
20221118,09:56:49,18514.00,100,492650
20221118,09:56:51,18514.00,250,492650
20221118,09:57:10,18516.35,50,492650
20221118,09:57:35,18514.00,100,492650
20221118,09:57:42,18511.50,50,492650
20221118,09:57:45,18511.00,50,492650
20221118,09:57:51,18511.00,50,492650
20221118,09:57:53,18511.00,50,492650
20221118,09:57:55,18511.00,100,492650
20221118,09:58:06,18511.00,50,492650
20221118,09:58:21,18510.20,50,492650
20221118,09:58:22,18510.00,100,492650
20221118,09:58:25,18510.00,50,492650
20221118,09:58:28,18510.00,50,492650
20221118,09:58:34,18510.00,100,492650
20221118,09:58:53,18510.00,200,492650
20221118,09:59:10,18510.00,50,492650
20221118,09:59:17,18510.00,100,492650
20221118,09:59:23,18510.00,300,492650
20221118,09:59:26,18510.00,300,492650
20221118,09:59:29,18510.00,200,492650
20221118,09:59:30,18510.00,200,493450
20221118,09:59:33,18510.00,50,493450
20221118,09:59:43,18510.00,200,493450
20221118,09:59:52,18511.00,50,493450
20221118,09:59:56,18510.00,100,493450
20221118,10:00:10,18510.00,100,493450
20221118,10:00:20,18511.00,50,493450
20221118,10:00:29,18509.90,100,493450
20221118,10:00:56,18509.90,50,493450
20221118,10:01:55,18509.90,50,493450
20221118,10:01:59,18510.00,150,493450
20221118,10:02:02,18507.00,200,493450
20221118,10:02:04,18507.00,50,493450
20221118,10:02:14,18507.95,50,493450
20221118,10:02:18,18505.00,200,493450
20221118,10:02:27,18505.00,50,493450
20221118,10:02:36,18507.85,50,494000
20221118,10:02:46,18506.05,50,494000
20221118,10:02:54,18505.00,350,494000
20221118,10:03:12,18505.00,50,494000
20221118,10:03:32,18508.70,50,494000
20221118,10:03:46,18510.00,50,494000
20221118,10:03:50,18508.90,50,494000
20221118,10:04:12,18509.00,50,494000
20221118,10:05:22,18514.90,50,494000
20221118,10:05:31,18511.75,100,494000
20221118,10:05:32,18511.75,50,494000
20221118,10:05:56,18511.10,50,494000
20221118,10:05:59,18512.00,50,494000
20221118,10:06:04,18512.60,50,494000
20221118,10:06:14,18510.00,50,494000
20221118,10:06:20,18510.00,50,494000
20221118,10:06:38,18510.00,50,494000
20221118,10:06:40,18510.00,50,494000
20221118,10:07:06,18509.00,50,494000
20221118,10:07:08,18511.00,50,494000
20221118,10:07:09,18509.35,50,494000
20221118,10:07:14,18510.20,50,494000
20221118,10:07:15,18510.15,100,494000
20221118,10:07:21,18514.35,50,494000
20221118,10:08:08,18514.15,50,494000
20221118,10:08:10,18512.00,50,494000
20221118,10:08:24,18512.00,100,494000
20221118,10:08:47,18511.00,50,494200
20221118,10:09:08,18511.00,50,494200
20221118,10:09:39,18512.00,50,494200
20221118,10:09:59,18510.95,50,494200
20221118,10:10:21,18510.15,50,494200
20221118,10:10:22,18510.15,50,494200
20221118,10:10:25,18510.15,50,494200
20221118,10:10:34,18510.15,50,494200
20221118,10:10:51,18512.00,150,494200
20221118,10:10:56,18510.15,50,494200
20221118,10:11:01,18510.15,50,494200
20221118,10:11:37,18512.00,50,494100
20221118,10:11:58,18512.00,350,494100
20221118,10:12:03,18511.90,250,494100
20221118,10:12:04,18511.90,250,494100
20221118,10:12:11,18511.75,250,494100
20221118,10:12:12,18511.75,250,494100
20221118,10:12:44,18512.30,250,494100
20221118,10:12:50,18513.00,50,494100
20221118,10:12:55,18514.00,50,494100
20221118,10:13:13,18512.25,50,494100
20221118,10:13:20,18510.25,50,494100
20221118,10:13:23,18511.20,50,494100
20221118,10:13:35,18510.00,150,494100
20221118,10:13:36,18510.00,50,494100
20221118,10:13:37,18510.00,150,494100
20221118,10:13:39,18509.00,50,494100
20221118,10:13:40,18506.00,300,494100
20221118,10:13:41,18505.00,150,494100
20221118,10:13:42,18503.00,50,494100
20221118,10:13:56,18503.00,100,494100
20221118,10:13:57,18503.10,50,494100
20221118,10:14:00,18503.15,50,494100
20221118,10:14:33,18503.00,50,494200
20221118,10:14:34,18503.15,50,494200
20221118,10:14:46,18504.00,50,494200
20221118,10:14:52,18503.00,150,494200
20221118,10:15:13,18503.00,100,494200
20221118,10:15:17,18503.00,100,494200
20221118,10:15:18,18503.00,50,494200
20221118,10:15:21,18504.90,50,494200
20221118,10:15:31,18502.65,250,494200
20221118,10:15:39,18502.65,50,494200
20221118,10:15:45,18506.05,150,494200
20221118,10:15:47,18507.00,50,494200
20221118,10:15:58,18506.25,50,494200
20221118,10:16:10,18507.30,50,494200
20221118,10:16:30,18507.30,50,494200
20221118,10:16:31,18507.65,50,494200
20221118,10:16:44,18507.70,50,494200
20221118,10:17:05,18505.90,100,494200
20221118,10:17:15,18506.90,50,494200
20221118,10:17:36,18507.65,100,494550
20221118,10:17:37,18507.80,50,494550
20221118,10:18:10,18507.80,50,494550
20221118,10:18:18,18506.00,50,494550
20221118,10:18:19,18506.00,50,494550
20221118,10:18:23,18506.00,200,494550
20221118,10:18:25,18506.00,100,494550
20221118,10:18:27,18505.00,400,494550
20221118,10:18:29,18505.85,50,494550
20221118,10:18:30,18504.00,50,494550
20221118,10:18:31,18503.00,50,494550
20221118,10:18:35,18502.40,50,494550
20221118,10:18:43,18502.40,50,494550
20221118,10:18:48,18503.50,50,494550
20221118,10:18:51,18503.95,50,494550
20221118,10:19:05,18506.55,50,494550
20221118,10:19:21,18505.00,1800,494550
20221118,10:19:30,18507.95,50,494550
20221118,10:20:01,18509.90,50,494550
20221118,10:20:07,18509.70,150,494550
20221118,10:20:10,18514.45,300,494550
20221118,10:20:11,18514.10,100,494550
20221118,10:20:25,18512.65,50,494550
20221118,10:20:35,18511.05,50,496750
20221118,10:20:44,18513.25,50,496750
20221118,10:20:51,18513.00,100,496750
20221118,10:21:11,18513.00,50,496750
20221118,10:21:12,18513.00,50,496750
20221118,10:21:16,18513.00,250,496750
20221118,10:21:17,18513.00,700,496750
20221118,10:21:18,18513.00,250,496750
20221118,10:21:20,18513.00,500,496750
20221118,10:21:45,18510.00,50,496750
20221118,10:21:51,18510.00,50,496750
20221118,10:22:43,18510.40,50,496750
20221118,10:23:00,18509.65,50,496750
20221118,10:24:30,18510.00,50,495400
20221118,10:25:26,18510.00,50,495400
20221118,10:25:36,18513.00,50,495400
20221118,10:25:47,18519.90,100,495400
20221118,10:25:51,18520.05,150,495400
20221118,10:25:52,18520.05,50,495400
20221118,10:26:01,18520.35,100,495400
20221118,10:26:02,18516.10,100,495400
20221118,10:26:05,18518.35,50,495400
20221118,10:26:09,18519.45,50,495400
20221118,10:26:15,18518.85,100,495400
20221118,10:26:31,18519.30,50,495400
20221118,10:26:41,18518.80,200,495450
20221118,10:27:06,18512.35,50,495450
20221118,10:27:38,18515.25,50,495450
20221118,10:28:01,18518.85,50,495450
20221118,10:28:18,18520.15,50,495450
20221118,10:28:29,18520.00,50,495450
20221118,10:28:53,18519.30,50,495450
20221118,10:29:09,18515.00,50,495450
20221118,10:29:10,18514.35,50,495450
20221118,10:29:15,18514.35,50,495450
20221118,10:29:20,18514.35,100,495450
20221118,10:29:29,18515.40,100,495450
20221118,10:30:09,18512.35,100,495550
20221118,10:30:44,18513.55,250,495550
20221118,10:30:45,18513.45,100,495550
20221118,10:30:46,18514.35,50,495550
20221118,10:30:57,18514.10,100,495550
20221118,10:31:07,18514.40,200,495550
20221118,10:31:14,18514.40,200,495550
20221118,10:31:56,18513.00,50,495550
20221118,10:31:57,18511.90,50,495550
20221118,10:32:26,18512.35,100,495550
20221118,10:32:29,18512.35,50,495550
20221118,10:32:30,18512.35,50,495550
20221118,10:32:47,18512.00,50,496600
20221118,10:33:00,18510.00,50,496600
20221118,10:33:54,18509.55,100,496600
20221118,10:33:57,18508.20,100,496600
20221118,10:34:00,18508.10,50,496600
20221118,10:34:01,18508.05,50,496600
20221118,10:34:21,18508.00,50,496600
20221118,10:34:31,18506.50,150,496600
20221118,10:34:49,18506.00,50,496600
20221118,10:35:10,18508.00,50,496600
20221118,10:35:15,18505.00,100,496600
20221118,10:35:36,18502.70,50,496600
20221118,10:35:41,18503.70,50,497150
20221118,10:35:52,18502.85,200,497150
20221118,10:35:54,18504.20,50,497150
20221118,10:35:55,18503.90,100,497150
20221118,10:36:01,18502.60,50,497150
20221118,10:36:06,18503.90,50,497150
20221118,10:36:28,18505.00,50,497150
20221118,10:36:41,18502.45,150,497150
20221118,10:37:09,18501.20,250,497150
20221118,10:37:11,18500.00,750,497150
20221118,10:37:12,18500.00,1050,497150
20221118,10:37:13,18500.00,550,497150
20221118,10:37:15,18500.00,950,497150
20221118,10:37:16,18500.00,750,497150
20221118,10:37:17,18500.00,350,497150
20221118,10:37:18,18500.00,400,497150
20221118,10:37:22,18499.00,450,497150
20221118,10:37:24,18495.10,50,497150
20221118,10:37:27,18495.10,50,497150
20221118,10:37:28,18499.95,50,497150
20221118,10:37:36,18495.00,300,497150
20221118,10:37:37,18490.50,150,497150
20221118,10:37:39,18489.60,100,497150
20221118,10:37:45,18488.70,50,497150
20221118,10:37:46,18487.00,150,497150
20221118,10:37:49,18487.00,50,497150
20221118,10:37:52,18488.40,150,497150
20221118,10:37:53,18488.00,100,497150
20221118,10:37:58,18488.55,100,497150
20221118,10:37:59,18490.35,150,497150
20221118,10:38:00,18490.30,100,497150
20221118,10:38:01,18490.45,50,497150
20221118,10:38:02,18488.05,250,497150
20221118,10:38:04,18491.40,50,497150
20221118,10:38:07,18490.00,50,497150
20221118,10:38:14,18491.45,50,497150
20221118,10:38:21,18490.00,50,497150
20221118,10:38:39,18492.70,50,500400
20221118,10:39:00,18493.00,700,500400
20221118,10:39:02,18493.00,500,500400
20221118,10:39:03,18493.00,150,500400
20221118,10:39:04,18492.70,200,500400
20221118,10:39:09,18490.00,150,500400
20221118,10:39:11,18489.05,50,500400
20221118,10:39:14,18489.55,50,500400
20221118,10:39:15,18490.85,100,500400
20221118,10:39:16,18488.05,50,500400
20221118,10:39:17,18490.70,100,500400
20221118,10:39:19,18491.45,550,500400
20221118,10:39:30,18492.65,50,500400
20221118,10:39:42,18491.40,50,500400
20221118,10:39:43,18491.40,50,500400
20221118,10:39:47,18492.00,50,500400
20221118,10:39:51,18491.40,100,500400
20221118,10:39:57,18490.00,50,500400
20221118,10:40:14,18490.00,150,500400
20221118,10:40:19,18490.00,50,500400
20221118,10:40:23,18490.00,50,500400
20221118,10:40:32,18490.00,150,500400
20221118,10:40:33,18490.00,50,500400
20221118,10:40:37,18490.50,100,500400
20221118,10:40:42,18493.20,100,500400
20221118,10:41:38,18490.05,100,500400
20221118,10:42:06,18492.35,100,500600
20221118,10:42:15,18491.00,50,500600
20221118,10:42:27,18490.55,50,500600
20221118,10:42:55,18491.00,50,500600
20221118,10:42:58,18490.55,50,500600
20221118,10:43:04,18492.95,500,500600
20221118,10:43:09,18490.50,50,500600
20221118,10:43:11,18490.50,100,500600
20221118,10:43:20,18490.05,50,500600
20221118,10:43:30,18490.00,50,500600
20221118,10:43:35,18490.00,200,500600
20221118,10:43:42,18490.00,100,500600
20221118,10:43:46,18490.00,100,500600
20221118,10:44:03,18488.55,50,500600
20221118,10:44:09,18489.00,50,500600
20221118,10:44:32,18489.90,100,500600
20221118,10:44:33,18490.00,300,500600
20221118,10:44:47,18490.00,50,500600
20221118,10:45:36,18493.00,300,500600
20221118,10:45:45,18495.00,50,500600
20221118,10:46:04,18494.65,50,500600
20221118,10:46:11,18496.95,300,500600
20221118,10:46:26,18496.95,50,500600
20221118,10:46:38,18496.00,50,500600
20221118,10:46:49,18497.90,50,500600
20221118,10:46:51,18497.90,50,500600
20221118,10:46:53,18497.90,200,500600
20221118,10:47:14,18498.00,50,500600
20221118,10:47:15,18497.90,50,500600
20221118,10:47:20,18498.40,300,500600
20221118,10:47:25,18498.65,200,500600
20221118,10:48:06,18499.95,50,499700
20221118,10:48:17,18498.65,50,499700
20221118,10:48:25,18496.00,50,499700
20221118,10:48:30,18495.00,50,499700
20221118,10:48:31,18495.00,150,499700
20221118,10:48:48,18494.05,50,499700
20221118,10:48:50,18494.40,50,499700
20221118,10:48:54,18495.60,50,499700
20221118,10:49:08,18494.40,50,499700
20221118,10:49:20,18495.00,300,499700
20221118,10:49:26,18495.20,50,499700
20221118,10:49:37,18497.00,50,499700
20221118,10:49:43,18492.65,350,499700
20221118,10:50:19,18488.50,50,499700
20221118,10:50:21,18487.00,50,499700
20221118,10:50:24,18487.05,50,499700
20221118,10:50:34,18490.00,50,499700
20221118,10:50:45,18487.00,50,499550
20221118,10:51:07,18489.50,50,499550
20221118,10:51:18,18488.80,50,499550
20221118,10:51:23,18487.00,50,499550
20221118,10:51:24,18485.00,350,499550
20221118,10:51:25,18483.00,150,499550
20221118,10:51:41,18482.05,50,499550
20221118,10:51:47,18482.05,50,499550
20221118,10:53:00,18482.35,50,499550
20221118,10:53:29,18485.00,150,499550
20221118,10:53:31,18485.00,150,499550
20221118,10:53:36,18485.80,150,499550
20221118,10:53:39,18488.95,50,499550
20221118,10:53:52,18488.45,50,499700
20221118,10:54:27,18483.00,150,499700
20221118,10:54:34,18482.05,50,499700
20221118,10:54:36,18482.10,50,499700
20221118,10:54:46,18485.45,50,499700
20221118,10:54:47,18482.10,100,499700
20221118,10:54:49,18485.95,50,499700
20221118,10:54:57,18484.85,100,499700
20221118,10:55:09,18485.00,50,499700
20221118,10:55:10,18485.00,150,499700
20221118,10:55:22,18483.00,100,499700
20221118,10:55:30,18487.30,50,499700
20221118,10:55:39,18488.00,100,499700
20221118,10:55:47,18484.35,100,499700
20221118,10:55:51,18484.35,100,499700
20221118,10:55:58,18488.00,50,499700
20221118,10:56:02,18488.20,50,499700
20221118,10:56:11,18488.25,50,499700
20221118,10:56:13,18485.00,100,499700
20221118,10:56:17,18485.00,50,499700
20221118,10:56:19,18488.95,50,499700
20221118,10:56:23,18488.60,50,499700
20221118,10:56:30,18490.20,150,499700
20221118,10:56:36,18490.45,50,499700
20221118,10:56:39,18490.45,50,499700
20221118,10:56:41,18486.90,50,499700
20221118,10:56:59,18493.15,50,500200
20221118,10:57:14,18492.10,50,500200
20221118,10:57:52,18486.00,50,500200
20221118,10:57:53,18488.10,50,500200
20221118,10:58:07,18485.00,50,500200
20221118,10:58:13,18485.00,50,500200
20221118,10:58:14,18486.55,50,500200
20221118,10:58:18,18480.00,850,500200
20221118,10:58:19,18478.00,750,500200
20221118,10:58:34,18476.05,50,500200
20221118,10:58:35,18476.05,100,500200
20221118,10:59:06,18481.50,50,500200
20221118,10:59:08,18478.05,50,500200
20221118,10:59:09,18482.00,1050,500200
20221118,10:59:21,18482.00,200,500200
20221118,10:59:23,18478.25,50,500200
20221118,10:59:24,18478.25,100,500200
20221118,10:59:48,18482.05,50,500200
20221118,10:59:54,18480.05,50,500450
20221118,10:59:57,18483.10,100,500450
20221118,11:00:03,18482.00,50,500450
20221118,11:00:06,18482.70,250,500450
20221118,11:00:09,18483.45,1000,500450
20221118,11:00:16,18480.00,50,500450
20221118,11:00:17,18482.05,50,500450
20221118,11:00:18,18478.00,200,500450
20221118,11:00:22,18478.00,100,500450
20221118,11:00:24,18478.00,100,500450
20221118,11:00:27,18478.95,100,500450
20221118,11:00:43,18478.00,200,500450
20221118,11:00:49,18478.00,50,500450
20221118,11:01:00,18478.00,50,500450
20221118,11:01:02,18478.00,50,500450
20221118,11:01:05,18476.00,100,500450
20221118,11:01:08,18476.00,100,500450
20221118,11:01:13,18476.00,50,500450
20221118,11:01:24,18476.00,100,500450
20221118,11:01:24,18476.00,50,500450
20221118,11:01:26,18475.05,300,500450
20221118,11:01:27,18475.05,50,500450
20221118,11:01:32,18475.00,200,500450
20221118,11:01:33,18472.05,350,500450
20221118,11:01:37,18471.65,50,500450
20221118,11:01:39,18471.65,50,500450
20221118,11:01:42,18471.25,50,500450
20221118,11:01:43,18471.25,50,500450
20221118,11:01:53,18475.05,50,500450
20221118,11:01:55,18471.30,50,500450
20221118,11:01:56,18471.30,1400,500450
20221118,11:02:09,18470.00,450,500450
20221118,11:02:13,18467.20,50,500450
20221118,11:02:21,18467.00,50,500450
20221118,11:02:49,18467.00,50,500500
20221118,11:02:58,18470.40,50,500500
20221118,11:03:02,18468.00,200,500500
20221118,11:03:07,18466.95,100,500500
20221118,11:03:18,18466.05,100,500500
20221118,11:03:39,18466.05,50,500500
20221118,11:03:43,18470.70,50,500500
20221118,11:03:48,18472.65,100,500500
20221118,11:03:59,18472.75,50,500500
20221118,11:04:02,18471.75,50,500500
20221118,11:04:05,18470.00,50,500500
20221118,11:04:09,18470.00,200,500500
20221118,11:04:10,18471.55,50,500500
20221118,11:04:16,18471.25,100,500500
20221118,11:04:17,18471.50,250,500500
20221118,11:04:22,18470.15,50,500500
20221118,11:04:49,18466.10,100,500500
20221118,11:05:11,18467.70,50,500500
20221118,11:05:12,18466.10,100,500500
20221118,11:05:26,18466.00,50,500500
20221118,11:05:28,18466.00,100,500500
20221118,11:05:45,18465.00,100,500500
20221118,11:05:46,18464.00,600,500000
20221118,11:05:47,18464.00,50,500000
20221118,11:05:49,18460.40,350,500000
20221118,11:05:52,18460.40,50,500000
20221118,11:06:03,18460.75,300,500000
20221118,11:06:24,18461.60,50,500000
20221118,11:06:25,18462.30,50,500000
20221118,11:06:46,18467.15,100,500000
20221118,11:06:49,18465.00,50,500000
20221118,11:07:03,18464.35,150,500000
20221118,11:07:18,18467.95,50,500000
20221118,11:07:19,18464.75,50,500000
20221118,11:07:28,18468.00,50,500000
20221118,11:07:47,18470.00,50,500000
20221118,11:07:53,18468.40,50,500000
20221118,11:07:54,18470.00,50,500000
20221118,11:07:57,18469.00,150,500000
20221118,11:08:02,18469.15,150,500000
20221118,11:08:04,18472.50,100,500000
20221118,11:08:12,18473.50,50,500000
20221118,11:08:18,18470.00,50,500000
20221118,11:08:36,18472.20,50,500000
20221118,11:08:40,18472.00,50,500000
20221118,11:08:43,18472.05,100,500000
20221118,11:08:45,18471.90,50,500250
20221118,11:08:56,18470.00,100,500250
20221118,11:09:03,18470.00,50,500250
20221118,11:09:05,18469.75,50,500250
20221118,11:09:11,18466.70,50,500250
20221118,11:09:13,18465.00,100,500250
20221118,11:09:23,18461.00,100,500250
20221118,11:09:24,18460.10,50,500250
20221118,11:09:27,18460.00,200,500250
20221118,11:09:33,18460.00,100,500250
20221118,11:09:41,18460.65,50,500250
20221118,11:09:43,18460.40,50,500250
20221118,11:09:47,18460.70,50,500250
20221118,11:09:50,18460.55,50,500250
20221118,11:09:53,18462.00,50,500250
20221118,11:09:59,18460.50,50,500250
20221118,11:10:03,18464.00,50,500250
20221118,11:10:12,18462.00,50,500250
20221118,11:10:17,18462.00,50,500250
20221118,11:10:26,18462.00,50,500250
20221118,11:11:00,18465.00,50,500250
20221118,11:11:04,18461.20,100,500250
20221118,11:11:20,18461.00,50,500250
20221118,11:11:26,18463.90,100,500250
20221118,11:11:43,18461.90,100,500250
20221118,11:11:51,18464.70,200,500250
20221118,11:12:02,18460.00,50,500800
20221118,11:12:07,18460.00,50,500800
20221118,11:12:10,18460.50,50,500800
20221118,11:12:21,18455.00,100,500800
20221118,11:12:24,18455.00,50,500800
20221118,11:12:29,18458.55,50,500800
20221118,11:12:31,18459.55,200,500800
20221118,11:12:35,18455.00,50,500800
20221118,11:12:57,18456.20,50,500800
20221118,11:12:58,18459.95,50,500800
20221118,11:13:00,18456.40,150,500800
20221118,11:13:08,18456.20,50,500800
20221118,11:13:16,18455.60,50,500800
20221118,11:13:24,18458.00,500,500800
20221118,11:14:05,18456.00,50,500800
20221118,11:14:09,18458.75,50,500800
20221118,11:14:27,18456.00,100,500800
20221118,11:14:30,18452.00,200,500800
20221118,11:14:31,18451.95,50,500800
20221118,11:14:49,18451.95,50,500800
20221118,11:14:51,18453.85,50,501450
20221118,11:15:00,18453.35,150,501450
20221118,11:15:07,18454.40,50,501450
20221118,11:15:19,18460.00,50,501450
20221118,11:15:25,18458.10,50,501450
20221118,11:15:30,18456.60,50,501450
20221118,11:15:41,18462.45,50,501450
20221118,11:15:59,18461.65,50,501450
20221118,11:16:11,18461.00,50,501450
20221118,11:16:13,18461.00,50,501450
20221118,11:16:31,18460.00,50,501450
20221118,11:16:56,18460.00,50,501450
20221118,11:17:03,18460.00,50,501450
20221118,11:17:09,18460.05,50,501450
20221118,11:18:05,18461.00,50,501700
20221118,11:18:09,18460.00,150,501700
20221118,11:18:15,18460.00,50,501700
20221118,11:18:21,18460.00,50,501700
20221118,11:18:22,18460.25,50,501700
20221118,11:18:24,18457.65,50,501700
20221118,11:18:31,18457.65,50,501700
20221118,11:18:32,18457.00,50,501700
20221118,11:18:47,18455.05,100,501700
20221118,11:18:55,18455.05,50,501700
20221118,11:19:34,18457.85,50,501700
20221118,11:19:42,18457.00,50,501700
20221118,11:19:43,18454.40,150,501700
20221118,11:19:51,18455.80,50,501700
20221118,11:19:56,18457.20,150,501700
20221118,11:20:14,18459.40,50,501700
20221118,11:20:15,18460.00,200,501700
20221118,11:20:19,18461.90,50,501700
20221118,11:20:48,18462.00,50,502000
20221118,11:20:57,18465.00,50,502000
20221118,11:21:18,18465.00,50,502000
20221118,11:21:22,18465.65,50,502000
20221118,11:21:23,18463.90,200,502000
20221118,11:21:24,18464.20,50,502000
20221118,11:21:45,18465.00,100,502000
20221118,11:21:54,18465.00,50,502000
20221118,11:22:22,18464.35,100,502000
20221118,11:22:45,18464.35,200,502000
20221118,11:22:51,18464.35,50,502000
20221118,11:23:12,18462.80,650,502000
20221118,11:23:27,18464.35,50,502000
20221118,11:23:55,18468.50,200,502000
20221118,11:24:15,18469.80,50,501950
20221118,11:24:25,18468.00,50,501950
20221118,11:24:35,18467.15,50,501950
20221118,11:24:43,18468.00,50,501950
20221118,11:25:17,18468.00,50,501950
20221118,11:25:19,18470.00,50,501950
20221118,11:25:22,18470.00,50,501950
20221118,11:25:48,18472.95,50,501950
20221118,11:25:54,18473.00,50,501950
20221118,11:26:01,18473.25,150,501950
20221118,11:26:04,18472.00,250,501950
20221118,11:26:14,18472.00,50,501950
20221118,11:26:20,18470.00,50,501950
20221118,11:26:30,18470.00,50,501950
20221118,11:26:47,18472.00,50,501850
20221118,11:26:59,18472.50,1000,501850
20221118,11:27:12,18471.80,50,501850
20221118,11:27:21,18471.90,50,501850
20221118,11:27:41,18474.80,50,501850
20221118,11:28:26,18476.00,300,501850
20221118,11:28:54,18474.75,50,501850
20221118,11:29:34,18474.95,50,501850
20221118,11:29:37,18474.50,100,501850
20221118,11:30:14,18470.00,150,502900
20221118,11:30:39,18471.95,50,502900
20221118,11:30:47,18470.00,100,502900
20221118,11:31:28,18467.00,50,502900
20221118,11:32:34,18465.00,150,502900
20221118,11:33:32,18460.60,50,502950
20221118,11:33:36,18460.65,50,502950
20221118,11:33:43,18460.10,150,502950
20221118,11:34:12,18460.00,500,502950
20221118,11:34:52,18462.00,50,502950
20221118,11:35:03,18462.00,100,502950
20221118,11:35:28,18462.00,50,502950
20221118,11:35:34,18462.00,50,502950
20221118,11:36:04,18462.00,50,503200
20221118,11:36:27,18466.75,50,503200
20221118,11:36:29,18464.35,50,503200
20221118,11:37:10,18469.45,50,503200
20221118,11:37:33,18469.45,200,503200
20221118,11:37:48,18470.60,50,503200
20221118,11:38:06,18473.50,50,503200
20221118,11:38:07,18469.90,50,503200
20221118,11:38:32,18467.00,50,503200
20221118,11:39:23,18467.00,50,503300
20221118,11:40:24,18470.95,50,503300
20221118,11:40:38,18474.50,50,503300
20221118,11:41:49,18471.25,50,503300
20221118,11:42:05,18474.50,100,503400
20221118,11:42:12,18475.00,50,503400
20221118,11:42:33,18476.65,500,503400
20221118,11:42:45,18475.00,50,503400
20221118,11:42:46,18474.50,50,503400
20221118,11:43:02,18474.80,50,503400
20221118,11:43:37,18476.95,300,503400
20221118,11:43:45,18480.00,50,503400
20221118,11:44:04,18480.00,50,503400
20221118,11:44:06,18477.35,50,503400
20221118,11:44:11,18477.40,50,503400
20221118,11:44:29,18479.60,50,503400
20221118,11:44:33,18475.75,350,503400
20221118,11:45:02,18476.35,50,503400
20221118,11:45:06,18479.60,50,503400
20221118,11:45:11,18482.00,150,503400
20221118,11:45:13,18479.35,50,503400
20221118,11:45:46,18479.35,50,503400
20221118,11:45:53,18479.50,50,503400
20221118,11:46:18,18479.00,50,503400
20221118,11:46:32,18475.60,300,503400
20221118,11:47:03,18478.00,100,503400
20221118,11:47:26,18478.00,50,503400
20221118,11:47:29,18479.30,50,503400
20221118,11:47:33,18479.00,150,503400
20221118,11:47:43,18477.55,50,503400
20221118,11:48:10,18475.00,50,503400
20221118,11:48:37,18472.35,100,503200
20221118,11:49:05,18472.10,50,503200
20221118,11:49:16,18473.45,50,503200
20221118,11:49:18,18475.00,100,503200
20221118,11:49:26,18478.35,150,503200
20221118,11:49:45,18478.35,50,503200
20221118,11:49:46,18475.60,50,503200
20221118,11:50:02,18474.80,100,503200
20221118,11:50:50,18476.10,100,503200
20221118,11:51:03,18474.00,50,503200
20221118,11:51:10,18473.80,50,503550
20221118,11:51:23,18470.00,100,503550
20221118,11:51:49,18471.95,50,503550
20221118,11:52:27,18469.80,50,503550
20221118,11:52:42,18468.60,100,503550
20221118,11:53:14,18468.40,50,503550
20221118,11:53:25,18467.15,50,503550
20221118,11:53:30,18466.35,50,503550
20221118,11:53:42,18468.40,50,503550
20221118,11:54:38,18468.40,50,503850
20221118,11:54:47,18466.50,50,503850
20221118,11:54:52,18467.80,50,503850
20221118,11:56:53,18468.00,50,503950
20221118,11:57:21,18470.90,50,503950
20221118,11:57:51,18470.90,200,503950
20221118,11:58:13,18468.00,50,503950
20221118,11:58:18,18465.00,50,503950
20221118,11:58:19,18465.00,100,503950
20221118,11:58:27,18465.00,50,503950
20221118,11:59:24,18464.70,50,503950
20221118,11:59:28,18461.95,50,503950
20221118,11:59:42,18462.60,50,503950
20221118,12:00:20,18461.00,50,503950
20221118,12:00:21,18460.00,50,504400
20221118,12:00:25,18460.00,200,504400
20221118,12:00:33,18460.00,150,504400
20221118,12:00:35,18460.00,350,504400
20221118,12:00:36,18458.00,50,504400
20221118,12:00:57,18455.15,50,504400
20221118,12:01:27,18455.15,50,504400
20221118,12:01:32,18456.90,50,504400
20221118,12:01:32,18455.30,50,504400
20221118,12:01:42,18457.00,150,504400
20221118,12:01:43,18457.00,150,504400
20221118,12:02:08,18457.10,50,504400
20221118,12:02:30,18460.00,400,504400
20221118,12:02:56,18461.00,50,505600
20221118,12:03:43,18465.70,100,505600
20221118,12:04:01,18465.70,50,505600
20221118,12:04:06,18464.40,50,505600
20221118,12:04:10,18464.00,50,505600
20221118,12:06:29,18469.65,50,505600
20221118,12:06:46,18469.75,50,505700
20221118,12:07:28,18469.70,50,505700
20221118,12:07:38,18466.45,50,505700
20221118,12:07:52,18467.65,200,505700
20221118,12:08:29,18466.50,50,505700
20221118,12:09:03,18466.75,50,505850
20221118,12:09:22,18469.70,50,505850
20221118,12:10:33,18468.40,50,505850
20221118,12:10:54,18467.55,50,505850
20221118,12:11:14,18466.45,50,505850
20221118,12:11:19,18466.30,50,505850
20221118,12:11:38,18465.80,50,505850
20221118,12:11:57,18465.00,50,505700
20221118,12:12:19,18465.80,50,505700
20221118,12:12:49,18466.50,50,505700
20221118,12:13:24,18468.00,150,505700
20221118,12:13:42,18470.00,150,505700
20221118,12:13:44,18470.00,50,505700
20221118,12:14:12,18470.00,50,505700
20221118,12:15:28,18469.65,50,505600
20221118,12:15:31,18469.00,50,505600
20221118,12:16:57,18468.00,50,505600
20221118,12:17:05,18468.05,50,505600
20221118,12:18:16,18468.70,50,505600
20221118,12:18:18,18470.00,100,505700
20221118,12:18:36,18470.00,50,505700
20221118,12:18:43,18470.00,50,505700
20221118,12:18:46,18473.70,150,505700
20221118,12:18:47,18473.60,100,505700
20221118,12:18:50,18470.80,50,505700
20221118,12:19:11,18474.95,50,505700
20221118,12:19:27,18473.45,50,505700
20221118,12:19:39,18475.00,50,505700
20221118,12:19:42,18478.80,50,505700
20221118,12:19:58,18475.00,50,505700
20221118,12:20:02,18473.80,50,505700
20221118,12:21:09,18476.90,50,505650
20221118,12:21:25,18476.90,50,505650
20221118,12:22:11,18473.00,50,505650
20221118,12:23:06,18470.80,100,505650
20221118,12:24:06,18469.75,50,505700
20221118,12:24:23,18469.00,100,505700
20221118,12:26:54,18470.35,50,505700
20221118,12:28:17,18468.35,200,505750
20221118,12:29:13,18470.00,100,505750
20221118,12:30:19,18472.00,50,506000
20221118,12:31:28,18472.00,50,506000
20221118,12:31:32,18470.00,100,506000
20221118,12:32:11,18474.25,50,506000
20221118,12:32:41,18470.00,50,506000
20221118,12:32:57,18466.65,50,506000
20221118,12:33:06,18467.00,200,506100
20221118,12:34:27,18467.05,50,506100
20221118,12:35:54,18474.00,50,506100
20221118,12:40:30,18470.15,50,506350
20221118,12:41:04,18472.35,100,506350
20221118,12:41:44,18470.00,50,506350
20221118,12:41:46,18468.95,50,506350
20221118,12:45:22,18473.60,50,506450
20221118,12:46:14,18472.85,50,506450
20221118,12:48:31,18480.55,100,506450
20221118,12:48:32,18481.10,150,506450
20221118,12:48:40,18483.55,50,506450
20221118,12:48:53,18484.70,50,506450
20221118,12:48:58,18481.70,50,506450
20221118,12:49:49,18485.10,50,506450
20221118,12:49:53,18488.90,100,506450
20221118,12:49:57,18490.00,50,506450
20221118,12:50:06,18491.50,100,506450
20221118,12:50:15,18491.70,50,506450
20221118,12:50:18,18491.50,100,506450
20221118,12:50:30,18487.65,50,506450
20221118,12:51:16,18485.50,50,506350
20221118,12:51:40,18485.55,50,506350
20221118,12:51:47,18481.50,50,506350
20221118,12:52:31,18485.00,100,506350
20221118,12:52:34,18485.00,50,506350
20221118,12:53:20,18489.00,50,506350
20221118,12:53:31,18490.00,50,506350
20221118,12:53:39,18490.00,50,506350
20221118,12:53:51,18490.90,50,506350
20221118,12:53:55,18490.00,50,506350
20221118,12:54:28,18490.00,50,506400
20221118,12:56:43,18480.00,50,506400
20221118,12:56:54,18480.15,50,506400
20221118,12:57:12,18480.00,50,506450
20221118,12:57:16,18479.90,50,506450
20221118,12:57:21,18481.00,50,506450
20221118,12:58:27,18480.10,50,506450
20221118,13:00:44,18482.70,250,506450
20221118,13:01:12,18483.80,250,506550
20221118,13:01:41,18479.95,300,506550
20221118,13:02:00,18479.75,250,506550
20221118,13:02:36,18475.00,100,506550
20221118,13:03:07,18477.60,50,507200
20221118,13:03:21,18479.80,300,507200
20221118,13:03:54,18478.20,100,507200
20221118,13:04:10,18480.00,100,507200
20221118,13:05:11,18482.80,50,507200
20221118,13:06:01,18482.35,100,507200
20221118,13:06:02,18483.80,50,507200
20221118,13:06:14,18483.80,50,507200
20221118,13:06:33,18483.15,50,507400
20221118,13:07:26,18481.75,100,507400
20221118,13:07:31,18485.35,50,507400
20221118,13:07:59,18486.80,50,507400
20221118,13:09:27,18484.70,100,507450
20221118,13:09:58,18487.70,50,507450
20221118,13:10:13,18481.40,50,507450
20221118,13:10:44,18488.00,300,507450
20221118,13:11:13,18483.00,50,507450
20221118,13:11:41,18486.00,100,507450
20221118,13:13:45,18482.55,50,507850
20221118,13:13:52,18484.65,50,507850
20221118,13:14:18,18484.60,50,507850
20221118,13:14:47,18482.65,50,507850
20221118,13:15:07,18482.65,50,507900
20221118,13:15:42,18489.00,50,507900
20221118,13:15:45,18489.15,200,507900
20221118,13:15:57,18488.80,50,507900
20221118,13:16:01,18488.85,50,507900
20221118,13:16:14,18490.00,200,507900
20221118,13:16:40,18486.30,50,507900
20221118,13:17:13,18487.95,100,507900
20221118,13:17:20,18488.65,50,507900
20221118,13:19:28,18487.55,50,508250
20221118,13:19:50,18485.00,150,508250
20221118,13:19:55,18481.45,50,508250
20221118,13:20:44,18480.15,50,508250
20221118,13:20:59,18480.15,50,508250
20221118,13:21:38,18482.45,50,508200
20221118,13:22:12,18486.00,100,508200
20221118,13:22:16,18486.00,50,508200
20221118,13:22:20,18486.00,100,508200
20221118,13:22:22,18486.00,100,508200
20221118,13:23:00,18485.00,50,508200
20221118,13:23:23,18483.60,200,508200
20221118,13:23:39,18483.45,50,508200
20221118,13:24:03,18483.25,100,508200
20221118,13:24:34,18486.25,50,508300
20221118,13:24:51,18486.00,50,508300
20221118,13:24:57,18481.90,100,508300
20221118,13:26:06,18485.40,50,508300
20221118,13:27:08,18486.00,50,508300
20221118,13:27:10,18486.50,50,508100
20221118,13:27:11,18488.00,150,508100
20221118,13:27:12,18488.00,50,508100
20221118,13:27:15,18488.00,50,508100
20221118,13:27:16,18494.35,850,508100
20221118,13:27:23,18495.00,50,508100
20221118,13:27:55,18491.70,50,508100
20221118,13:28:07,18491.10,50,508100
20221118,13:28:33,18492.00,50,508100
20221118,13:28:46,18492.00,50,508100
20221118,13:29:26,18491.95,50,508100
20221118,13:30:05,18491.00,50,508100
20221118,13:31:00,18490.00,50,507450
20221118,13:31:23,18489.80,50,507450
20221118,13:32:10,18485.05,100,507450
20221118,13:32:17,18485.05,150,507450
20221118,13:32:29,18483.60,100,507450
20221118,13:33:06,18481.20,50,507450
20221118,13:33:58,18482.10,100,507900
20221118,13:34:05,18482.10,100,507900
20221118,13:35:00,18482.00,50,507900
20221118,13:35:28,18480.00,100,507900
20221118,13:35:33,18480.00,100,507900
20221118,13:35:52,18480.00,50,507900
20221118,13:36:17,18475.00,50,508100
20221118,13:36:19,18475.00,50,508100
20221118,13:37:09,18475.95,100,508100
20221118,13:38:18,18477.00,50,508100
20221118,13:38:23,18480.00,150,508100
20221118,13:38:28,18480.00,450,508100
20221118,13:38:44,18480.00,50,508100
20221118,13:39:09,18480.00,50,508100
20221118,13:39:13,18480.00,50,508850
20221118,13:39:55,18480.00,100,508850
20221118,13:40:24,18475.00,50,508850
20221118,13:40:27,18474.00,50,508850
20221118,13:40:29,18473.60,50,508850
20221118,13:40:38,18470.00,50,508850
20221118,13:40:40,18469.00,50,508850
20221118,13:40:49,18466.00,100,508850
20221118,13:40:50,18466.05,50,508850
20221118,13:41:04,18460.00,100,508850
20221118,13:41:08,18457.15,50,508850
20221118,13:41:17,18458.45,50,508850
20221118,13:41:56,18459.25,50,508850
20221118,13:41:59,18459.25,50,508850
20221118,13:42:19,18459.00,50,509050
20221118,13:43:27,18457.00,150,509050
20221118,13:44:05,18455.00,50,509050
20221118,13:44:10,18455.00,100,509050
20221118,13:44:11,18455.00,50,509050
20221118,13:44:12,18451.50,200,509050
20221118,13:44:14,18451.10,100,509050
20221118,13:44:15,18450.00,650,509050
20221118,13:44:19,18450.00,550,509050
20221118,13:44:22,18450.00,50,509050
20221118,13:44:26,18449.95,100,509050
20221118,13:44:28,18449.35,100,509050
20221118,13:44:30,18448.95,50,509050
20221118,13:44:35,18448.95,150,509050
20221118,13:44:38,18451.40,100,509050
20221118,13:44:49,18451.40,50,509050
20221118,13:45:22,18452.05,150,509000
20221118,13:45:23,18452.05,50,509000
20221118,13:45:43,18452.05,50,509000
20221118,13:45:45,18452.05,50,509000
20221118,13:46:08,18453.75,450,509000
20221118,13:46:46,18458.35,50,509000
20221118,13:47:04,18457.45,50,509000
20221118,13:47:11,18455.75,50,509000
20221118,13:47:14,18455.00,400,509000
20221118,13:47:21,18455.00,50,509000
20221118,13:47:37,18453.75,100,509000
20221118,13:48:56,18453.60,50,509300
20221118,13:49:29,18456.80,50,509300
20221118,13:49:48,18454.00,50,509300
20221118,13:50:04,18453.00,200,509300
20221118,13:50:48,18455.00,50,509300
20221118,13:50:52,18459.00,50,509300
20221118,13:51:08,18458.15,50,509300
20221118,13:51:13,18455.05,50,509350
20221118,13:51:16,18455.05,50,509350
20221118,13:51:21,18455.00,50,509350
20221118,13:51:21,18453.70,50,509350
20221118,13:51:43,18456.55,50,509350
20221118,13:52:05,18456.55,50,509350
20221118,13:52:24,18456.55,50,509350
20221118,13:52:30,18459.85,100,509350
20221118,13:52:44,18459.60,100,509350
20221118,13:53:02,18457.00,50,509350
20221118,13:53:13,18455.75,150,509350
20221118,13:53:19,18450.00,750,509350
20221118,13:53:26,18449.80,150,509350
20221118,13:53:29,18448.50,50,509350
20221118,13:53:30,18448.50,50,509350
20221118,13:53:45,18448.00,50,509350
20221118,13:53:53,18447.35,50,509350
20221118,13:53:54,18446.00,50,509350
20221118,13:53:56,18443.00,150,509350
20221118,13:53:59,18440.00,150,509350
20221118,13:54:03,18440.00,50,509350
20221118,13:54:05,18440.00,100,509350
20221118,13:54:06,18440.00,50,509350
20221118,13:54:07,18440.00,50,509350
20221118,13:54:11,18440.00,850,509350
20221118,13:54:12,18439.00,50,509350
20221118,13:54:15,18436.25,50,510650
20221118,13:54:17,18436.25,50,510650
20221118,13:54:18,18439.75,50,510650
20221118,13:54:19,18439.75,200,510650
20221118,13:54:20,18439.80,50,510650
20221118,13:54:21,18439.80,50,510650
20221118,13:54:23,18438.55,50,510650
20221118,13:54:27,18438.60,100,510650
20221118,13:54:31,18438.55,200,510650
20221118,13:54:38,18438.55,50,510650
20221118,13:54:42,18440.80,1000,510650
20221118,13:54:49,18437.90,50,510650
20221118,13:54:50,18437.20,50,510650
20221118,13:54:58,18436.45,50,510650
20221118,13:55:13,18437.45,50,510650
20221118,13:55:16,18439.75,50,510650
20221118,13:55:21,18436.60,50,510650
20221118,13:55:55,18438.30,50,510650
20221118,13:55:59,18442.00,100,510650
20221118,13:56:09,18441.15,50,510650
20221118,13:56:15,18436.60,50,510650
20221118,13:56:27,18436.60,50,510650
20221118,13:56:30,18436.60,50,510650
20221118,13:56:33,18436.90,50,510650
20221118,13:56:38,18436.45,50,510650
20221118,13:56:39,18436.45,50,510650
20221118,13:56:54,18436.85,50,510650
20221118,13:57:06,18440.45,50,510650
20221118,13:57:20,18440.00,100,510750
20221118,13:57:48,18440.00,50,510750
20221118,13:57:54,18441.15,50,510750
20221118,13:57:57,18440.55,50,510750
20221118,13:57:58,18440.65,100,510750
20221118,13:57:59,18439.55,100,510750
20221118,13:58:00,18439.50,100,510750
20221118,13:58:01,18437.10,200,510750
20221118,13:58:01,18437.10,50,510750
20221118,13:58:03,18437.40,200,510750
20221118,13:58:04,18437.50,50,510750
20221118,13:58:07,18437.60,50,510750
20221118,13:58:13,18437.70,50,510750
20221118,13:58:46,18437.60,50,510750
20221118,13:58:51,18437.70,100,510750
20221118,13:59:11,18439.50,50,510750
20221118,13:59:39,18441.00,50,510750
20221118,13:59:50,18440.00,50,510750
20221118,13:59:57,18440.15,50,510750
20221118,14:00:07,18442.10,50,510750
20221118,14:00:15,18442.50,50,510750
20221118,14:00:18,18444.40,50,510950
20221118,14:00:19,18444.40,50,510950
20221118,14:00:22,18444.55,100,510950
20221118,14:00:24,18444.40,100,510950
20221118,14:00:26,18445.85,50,510950
20221118,14:00:42,18446.40,50,510950
20221118,14:00:43,18446.40,50,510950
20221118,14:00:45,18446.40,50,510950
20221118,14:00:49,18445.85,50,510950
20221118,14:00:50,18444.40,50,510950
20221118,14:01:20,18444.10,50,510950
20221118,14:01:23,18445.35,150,510950
20221118,14:01:32,18446.50,50,510950
20221118,14:01:46,18445.35,100,510950
20221118,14:01:50,18446.10,50,510950
20221118,14:01:58,18443.45,900,510950
20221118,14:02:41,18440.00,50,510950
20221118,14:02:45,18443.55,50,510950
20221118,14:03:02,18440.00,50,510950
20221118,14:03:35,18440.00,50,510950
20221118,14:03:42,18438.00,50,511300
20221118,14:03:49,18438.00,50,511300
20221118,14:03:58,18436.85,50,511300
20221118,14:04:01,18439.65,150,511300
20221118,14:04:07,18439.05,50,511300
20221118,14:04:40,18441.20,50,511300
20221118,14:04:55,18445.50,50,511300
20221118,14:05:14,18437.05,50,511300
20221118,14:05:34,18439.90,50,511300
20221118,14:06:06,18444.95,50,511300
20221118,14:06:20,18444.95,100,511300
20221118,14:07:40,18444.95,250,511300
20221118,14:07:43,18447.65,50,511300
20221118,14:08:06,18452.45,50,511300
20221118,14:08:15,18452.00,100,511300
20221118,14:08:27,18451.00,50,511300
20221118,14:08:29,18451.00,50,511300
20221118,14:08:31,18451.00,250,511300
20221118,14:08:32,18452.35,50,511300
20221118,14:08:33,18451.00,50,511300
20221118,14:08:35,18452.35,50,511300
20221118,14:08:37,18451.00,50,511300
20221118,14:08:40,18451.00,100,511300
20221118,14:08:59,18451.65,150,511300
20221118,14:09:00,18451.00,50,511300
20221118,14:09:01,18451.00,50,511300
20221118,14:09:02,18450.00,50,511300
20221118,14:09:12,18448.65,50,511300
20221118,14:10:31,18449.30,50,511350
20221118,14:10:49,18451.00,50,511350
20221118,14:11:13,18455.60,50,511350
20221118,14:11:40,18451.05,50,511350
20221118,14:11:56,18452.00,50,511350
20221118,14:12:00,18452.00,50,511350
20221118,14:12:01,18451.00,150,511350
20221118,14:12:12,18450.00,50,511350
20221118,14:12:14,18450.00,50,511350
20221118,14:12:15,18450.25,50,511350
20221118,14:12:16,18448.00,50,511350
20221118,14:12:19,18449.40,50,511450
20221118,14:12:25,18449.40,100,511450
20221118,14:12:33,18448.00,50,511450
20221118,14:13:07,18445.20,50,511450
20221118,14:13:52,18440.05,100,511450
20221118,14:13:53,18441.15,50,511450
20221118,14:14:06,18442.30,50,511450
20221118,14:14:21,18443.20,50,511450
20221118,14:14:28,18440.00,100,511450
20221118,14:14:31,18440.00,50,511450
20221118,14:14:35,18441.00,150,511450
20221118,14:14:50,18442.00,50,511450
20221118,14:14:59,18443.30,50,511450
20221118,14:15:07,18445.20,50,511450
20221118,14:15:27,18445.95,250,511700
20221118,14:15:38,18445.95,100,511700
20221118,14:15:57,18449.00,50,511700
20221118,14:16:00,18449.05,50,511700
20221118,14:17:57,18445.00,50,511700
20221118,14:18:07,18444.70,300,511700
20221118,14:18:10,18445.05,50,511700
20221118,14:18:18,18449.00,200,511700
20221118,14:18:55,18449.05,50,512250
20221118,14:19:10,18449.00,100,512250
20221118,14:20:03,18447.55,100,512250
20221118,14:20:19,18443.05,50,512250
20221118,14:20:38,18446.00,100,512250
20221118,14:20:42,18443.80,100,512250
20221118,14:20:55,18444.80,50,512250
20221118,14:22:21,18448.40,100,512300
20221118,14:22:48,18448.40,150,512300
20221118,14:22:49,18449.00,100,512300
20221118,14:22:53,18448.10,150,512300
20221118,14:23:02,18453.05,150,512300
20221118,14:23:35,18453.05,50,512300
20221118,14:23:52,18453.00,50,512300
20221118,14:23:55,18452.70,50,512300
20221118,14:23:56,18455.00,250,512300
20221118,14:24:05,18459.50,150,512300
20221118,14:24:12,18460.00,150,512300
20221118,14:24:14,18461.75,100,512300
20221118,14:24:23,18465.65,50,512750
20221118,14:24:24,18466.00,250,512750
20221118,14:24:27,18469.75,100,512750
20221118,14:24:43,18468.00,100,512750
20221118,14:24:55,18468.00,500,512750
20221118,14:25:02,18470.00,50,512750
20221118,14:25:07,18472.00,50,512750
20221118,14:25:36,18472.00,50,512750
20221118,14:25:44,18474.40,100,512750
20221118,14:25:47,18472.00,50,512750
20221118,14:25:54,18472.00,100,512750
20221118,14:25:57,18467.75,50,512750
20221118,14:26:00,18469.00,100,512750
20221118,14:26:47,18469.00,50,512750
20221118,14:26:51,18469.00,50,512750
20221118,14:27:02,18468.00,50,512750
20221118,14:27:06,18468.00,200,512750
20221118,14:27:11,18469.00,50,512750
20221118,14:27:12,18470.00,50,512750
20221118,14:27:24,18474.00,50,512450
20221118,14:27:25,18475.30,200,512450
20221118,14:27:31,18477.05,50,512450
20221118,14:27:32,18477.00,50,512450
20221118,14:28:02,18477.00,100,512450
20221118,14:28:10,18473.80,100,512450
20221118,14:28:33,18477.00,50,512450
20221118,14:28:47,18477.90,200,512450
20221118,14:29:19,18476.65,50,512450
20221118,14:29:29,18477.00,50,512450
20221118,14:29:30,18478.35,250,512450
20221118,14:29:37,18484.35,400,512450
20221118,14:29:39,18484.35,50,512450
20221118,14:29:42,18486.00,50,512450
20221118,14:29:51,18486.00,50,512450
20221118,14:29:52,18486.00,50,512450
20221118,14:30:07,18486.00,50,512450
20221118,14:30:09,18486.75,50,512450
20221118,14:30:37,18479.20,50,512450
20221118,14:30:43,18479.20,50,512450
20221118,14:30:57,18479.20,50,512450
20221118,14:31:21,18475.20,50,512450
20221118,14:31:47,18480.00,100,512450
20221118,14:31:48,18480.70,150,512450
20221118,14:33:03,18477.15,50,512450
20221118,14:33:13,18478.10,150,512450
20221118,14:33:17,18477.85,50,512450
20221118,14:33:30,18479.70,50,512500
20221118,14:33:32,18478.95,150,512500
20221118,14:34:04,18479.30,50,512500
20221118,14:34:05,18480.00,50,512500
20221118,14:34:30,18480.00,100,512500
20221118,14:34:45,18480.00,50,512500
20221118,14:34:52,18480.00,100,512500
20221118,14:35:15,18484.00,50,512500
20221118,14:35:28,18480.00,50,512500
20221118,14:35:29,18478.60,150,512500
20221118,14:35:43,18479.75,50,512500
20221118,14:36:20,18478.95,50,512500
20221118,14:36:45,18480.60,50,512550
20221118,14:37:17,18480.00,50,512550
20221118,14:37:50,18478.65,150,512550
20221118,14:37:59,18476.45,50,512550
20221118,14:38:28,18478.00,50,512550
20221118,14:38:30,18480.00,150,512550
20221118,14:38:31,18480.00,50,512550
20221118,14:39:16,18484.70,50,512550
20221118,14:39:17,18485.00,100,512550
20221118,14:39:18,18488.00,200,512550
20221118,14:39:23,18487.00,50,512550
20221118,14:39:26,18489.00,100,512550
20221118,14:39:27,18490.00,200,512550
20221118,14:39:30,18492.00,50,512550
20221118,14:39:38,18494.35,100,512550
20221118,14:39:52,18491.10,200,512550
20221118,14:40:08,18494.35,100,512550
20221118,14:40:10,18495.00,100,512550
20221118,14:40:13,18500.70,2100,512550
20221118,14:40:18,18499.20,100,512550
20221118,14:40:24,18500.00,50,512550
20221118,14:40:31,18499.25,50,512550
20221118,14:40:46,18492.90,150,512550
20221118,14:41:12,18493.70,50,512550
20221118,14:42:18,18493.00,50,512550
20221118,14:42:22,18493.00,50,511450
20221118,14:42:56,18490.75,500,511450
20221118,14:43:02,18490.15,50,511450
20221118,14:43:07,18490.00,500,511450
20221118,14:43:11,18490.15,50,511450
20221118,14:43:13,18492.40,50,511450
20221118,14:43:21,18491.85,50,511450
20221118,14:43:47,18485.75,1000,511450
20221118,14:43:59,18489.40,50,511450
20221118,14:44:20,18489.40,50,511450
20221118,14:44:38,18490.15,50,511450
20221118,14:45:17,18493.45,50,511450
20221118,14:45:21,18490.15,150,511450
20221118,14:45:22,18490.15,1000,511450
20221118,14:45:24,18490.15,50,512400
20221118,14:45:25,18490.15,50,512400
20221118,14:45:28,18490.15,50,512400
20221118,14:45:30,18485.85,650,512400
20221118,14:45:53,18471.50,200,512400
20221118,14:45:54,18475.25,250,512400
20221118,14:46:13,18484.55,250,512400
20221118,14:47:47,18490.00,50,512400
20221118,14:48:06,18490.00,100,512400
20221118,14:48:32,18490.00,100,512600
20221118,14:48:35,18490.00,50,512600
20221118,14:48:52,18490.05,50,512600
20221118,14:49:13,18490.00,250,512600
20221118,14:49:14,18490.00,50,512600
20221118,14:49:26,18490.00,50,512600
20221118,14:49:27,18490.00,50,512600
20221118,14:49:32,18490.00,200,512600
20221118,14:49:36,18490.00,250,512600
20221118,14:50:38,18490.00,200,512600
20221118,14:50:47,18494.00,50,512600
20221118,14:51:47,18494.00,50,513450
20221118,14:51:52,18499.00,100,513450
20221118,14:51:54,18499.00,50,513450
20221118,14:51:55,18500.00,50,513450
20221118,14:51:56,18500.00,350,513450
20221118,14:52:04,18501.00,50,513450
20221118,14:53:11,18501.15,550,513450
20221118,14:53:14,18501.10,550,513450
20221118,14:53:14,18501.45,100,513450
20221118,14:53:27,18501.45,50,513450
20221118,14:53:44,18499.60,50,513450
20221118,14:53:51,18500.00,50,513450
20221118,14:54:05,18500.00,50,513450
20221118,14:54:12,18497.35,50,513450
20221118,14:55:05,18495.20,100,513550
20221118,14:55:07,18497.35,100,513550
20221118,14:55:18,18493.20,50,513550
20221118,14:55:24,18493.20,50,513550
20221118,14:55:34,18489.15,50,513550
20221118,14:55:41,18491.00,50,513550
20221118,14:55:42,18490.90,50,513550
20221118,14:55:48,18490.90,50,513550
20221118,14:55:52,18494.95,100,513550
20221118,14:56:34,18493.15,50,513550
20221118,14:57:03,18492.00,50,513550
20221118,14:57:19,18492.00,250,513550
20221118,14:57:22,18493.15,50,513550
20221118,14:57:46,18499.00,50,513900
20221118,14:57:50,18500.00,50,513900
20221118,14:57:59,18499.75,50,513900
20221118,14:58:02,18502.00,50,513900
20221118,14:58:15,18503.00,50,513900
20221118,14:58:16,18502.80,50,513900
20221118,14:58:31,18499.15,50,513900
20221118,14:58:33,18502.30,50,513900
20221118,14:58:50,18501.75,50,513900
20221118,14:58:58,18498.00,200,513900
20221118,14:59:05,18501.75,100,513900
20221118,14:59:05,18498.10,50,513900
20221118,14:59:11,18501.75,100,513900
20221118,15:00:02,18502.00,50,513900
20221118,15:00:03,18506.00,250,513900
20221118,15:00:04,18508.00,50,513900
20221118,15:00:12,18508.70,50,513900
20221118,15:00:13,18510.00,200,513900
20221118,15:00:14,18511.00,50,513900
20221118,15:00:15,18512.35,100,513900
20221118,15:00:42,18508.00,50,513850
20221118,15:01:04,18515.00,200,513850
20221118,15:01:06,18515.00,50,513850
20221118,15:01:28,18516.45,100,513850
20221118,15:01:29,18516.45,200,513850
20221118,15:01:53,18515.00,50,513850
20221118,15:01:57,18516.00,50,513850
20221118,15:01:58,18517.00,50,513850
20221118,15:02:03,18517.25,50,513850
20221118,15:02:15,18519.00,250,513850
20221118,15:02:17,18520.00,400,513850
20221118,15:02:18,18520.00,50,513850
20221118,15:02:20,18520.00,950,513850
20221118,15:02:36,18520.10,50,513850
20221118,15:02:39,18522.70,50,513850
20221118,15:02:41,18524.00,100,513850
20221118,15:02:44,18524.50,150,513850
20221118,15:02:50,18523.90,50,513850
20221118,15:03:15,18520.60,50,513850
20221118,15:03:29,18524.00,50,513350
20221118,15:03:31,18524.00,50,513350
20221118,15:03:36,18524.00,50,513350
20221118,15:03:44,18524.00,50,513350
20221118,15:03:59,18522.10,50,513350
20221118,15:04:00,18522.05,50,513350
20221118,15:04:05,18524.00,200,513350
20221118,15:04:06,18524.00,250,513350
20221118,15:04:07,18525.00,50,513350
20221118,15:04:08,18526.00,500,513350
20221118,15:04:10,18525.25,100,513350
20221118,15:04:14,18527.00,50,513350
20221118,15:04:19,18521.25,300,513350
20221118,15:04:40,18527.35,250,513350
20221118,15:04:45,18525.40,150,513350
20221118,15:04:46,18526.15,100,513350
20221118,15:04:55,18530.00,50,513350
20221118,15:04:56,18529.60,50,513350
20221118,15:05:00,18530.00,1350,513350
20221118,15:05:01,18530.00,650,513350
20221118,15:05:02,18531.00,300,513350
20221118,15:05:21,18531.00,50,513350
20221118,15:05:31,18531.00,50,513350
20221118,15:05:38,18534.70,200,513350
20221118,15:05:41,18533.95,50,513350
20221118,15:05:49,18531.05,150,513350
20221118,15:05:59,18531.50,200,513350
20221118,15:06:07,18531.55,150,513350
20221118,15:06:11,18534.10,50,513350
20221118,15:06:12,18534.10,100,513350
20221118,15:06:13,18531.55,150,513350
20221118,15:06:19,18535.00,50,513350
20221118,15:06:28,18538.00,50,513100
20221118,15:06:32,18540.00,50,513100
20221118,15:06:35,18538.00,200,513100
20221118,15:06:38,18538.00,50,513100
20221118,15:06:40,18538.00,50,513100
20221118,15:06:47,18538.00,100,513100
20221118,15:06:51,18535.00,50,513100
20221118,15:07:02,18532.70,50,513100
20221118,15:07:10,18534.95,50,513100
20221118,15:07:20,18533.00,50,513100
20221118,15:07:27,18534.00,50,513100
20221118,15:07:40,18532.45,50,513100
20221118,15:07:41,18534.00,100,513100
20221118,15:07:49,18534.00,50,513100
20221118,15:07:50,18535.00,100,513100
20221118,15:07:53,18535.85,50,513100
20221118,15:07:56,18535.20,100,513100
20221118,15:08:15,18536.35,50,513100
20221118,15:08:22,18535.20,50,513100
20221118,15:08:23,18535.20,50,513100
20221118,15:08:38,18535.20,50,513100
20221118,15:08:45,18532.40,300,513100
20221118,15:09:07,18530.00,100,513100
20221118,15:09:12,18529.95,50,513100
20221118,15:09:15,18529.25,50,513100
20221118,15:09:28,18522.85,150,512700
20221118,15:09:31,18525.00,150,512700
20221118,15:09:41,18526.45,50,512700
20221118,15:09:57,18530.00,100,512700
20221118,15:09:58,18529.30,50,512700
20221118,15:09:58,18530.00,50,512700
20221118,15:10:00,18530.00,50,512700
20221118,15:10:01,18530.00,150,512700
20221118,15:10:02,18530.00,50,512700
20221118,15:10:03,18530.25,50,512700
20221118,15:10:06,18532.00,50,512700
20221118,15:10:08,18534.00,50,512700
20221118,15:10:29,18537.25,300,512700
20221118,15:10:54,18537.25,50,512700
20221118,15:11:04,18539.95,50,512700
20221118,15:11:16,18539.95,50,512700
20221118,15:11:20,18540.00,550,512700
20221118,15:11:21,18541.00,1750,512700
20221118,15:11:34,18543.85,50,512700
20221118,15:11:37,18543.90,50,512700
20221118,15:11:39,18544.00,500,512700
20221118,15:11:51,18545.00,100,512700
20221118,15:11:52,18545.00,150,512700
20221118,15:11:54,18545.35,50,512700
20221118,15:11:56,18546.00,50,512700
20221118,15:11:58,18546.00,100,512700
20221118,15:12:01,18544.35,50,512700
20221118,15:12:04,18545.00,50,512700
20221118,15:12:12,18546.30,50,512700
20221118,15:12:17,18545.00,50,512700
20221118,15:12:24,18546.00,50,512700
20221118,15:12:39,18543.85,100,512100
20221118,15:12:51,18540.95,50,512100
20221118,15:13:03,18540.95,50,512100
20221118,15:13:15,18543.00,50,512100
20221118,15:13:34,18543.00,50,512100
20221118,15:13:36,18543.00,150,512100
20221118,15:13:38,18540.95,100,512100
20221118,15:13:42,18542.30,150,512100
20221118,15:13:45,18540.05,100,512100
20221118,15:13:54,18541.00,50,512100
20221118,15:14:14,18539.85,50,512100
20221118,15:14:34,18537.55,50,512100
20221118,15:14:42,18538.30,50,512100
20221118,15:14:46,18539.00,50,512100
20221118,15:14:47,18538.20,50,512100
20221118,15:14:50,18538.30,350,512100
20221118,15:14:53,18537.65,50,512100
20221118,15:14:57,18539.00,50,512100
20221118,15:15:02,18540.00,200,512100
20221118,15:15:03,18541.00,200,512100
20221118,15:15:04,18542.00,50,512100
20221118,15:15:21,18537.25,50,512100
20221118,15:15:33,18537.05,50,512100
20221118,15:15:34,18537.05,100,511800
20221118,15:15:36,18537.05,50,511800
20221118,15:15:50,18537.65,100,511800
20221118,15:15:54,18539.05,50,511800
20221118,15:16:07,18534.10,50,511800
20221118,15:16:25,18531.00,50,511800
20221118,15:16:34,18530.00,50,511800
20221118,15:16:39,18529.15,50,511800
20221118,15:16:46,18530.00,200,511800
20221118,15:16:47,18530.00,50,511800
20221118,15:17:14,18530.00,100,511800
20221118,15:17:37,18527.00,50,511800
20221118,15:17:42,18527.55,50,511800
20221118,15:17:50,18527.65,50,511800
20221118,15:17:55,18527.55,50,511800
20221118,15:18:00,18524.05,50,511800
20221118,15:18:01,18523.60,50,511800
20221118,15:18:02,18523.15,50,511800
20221118,15:18:03,18523.60,50,511800
20221118,15:18:06,18523.00,100,511800
20221118,15:18:09,18522.45,50,511800
20221118,15:18:13,18522.45,50,511800
20221118,15:18:14,18522.55,100,511800
20221118,15:18:30,18522.55,50,512100
20221118,15:18:43,18522.00,50,512100
20221118,15:18:52,18522.05,50,512100
20221118,15:18:53,18524.95,250,512100
20221118,15:18:55,18522.05,50,512100
20221118,15:18:58,18522.05,50,512100
20221118,15:19:07,18522.00,100,512100
20221118,15:19:09,18522.70,250,512100
20221118,15:19:17,18520.00,50,512100
20221118,15:19:25,18516.65,100,512100
20221118,15:19:27,18515.05,50,512100
20221118,15:19:33,18515.00,200,512100
20221118,15:19:38,18514.95,250,512100
20221118,15:19:50,18509.30,50,512100
20221118,15:19:52,18512.60,100,512100
20221118,15:20:09,18508.00,50,512100
20221118,15:20:13,18508.15,50,512100
20221118,15:20:20,18510.95,50,512100
20221118,15:20:39,18510.00,50,512100
20221118,15:20:39,18510.00,150,512100
20221118,15:20:51,18510.00,50,512100
20221118,15:20:54,18509.25,50,512100
20221118,15:21:14,18510.35,50,512100
20221118,15:21:18,18513.00,50,512100
20221118,15:21:23,18515.00,50,512100
20221118,15:21:35,18516.90,50,512100
20221118,15:22:15,18515.00,50,511950
20221118,15:22:42,18514.55,50,511950
20221118,15:22:46,18514.65,250,511950
20221118,15:22:47,18512.00,50,511950
20221118,15:23:25,18514.10,50,511950
20221118,15:23:33,18512.00,200,511950
20221118,15:23:35,18513.70,100,511950
20221118,15:23:43,18514.40,200,511950
20221118,15:23:44,18514.45,50,511950
20221118,15:23:54,18511.70,1000,511950
20221118,15:24:18,18514.90,50,511950
20221118,15:25:03,18514.00,50,512800
20221118,15:25:10,18510.60,50,512800
20221118,15:25:17,18510.95,500,512800
20221118,15:25:25,18515.25,1250,512800
20221118,15:25:35,18515.10,50,512800
20221118,15:26:25,18511.25,50,512800
20221118,15:26:35,18514.85,50,512800
20221118,15:26:58,18514.75,50,512800
20221118,15:27:02,18511.25,50,512800
20221118,15:27:09,18514.10,100,512800
20221118,15:27:27,18511.55,50,512800
20221118,15:27:30,18514.75,200,513150
20221118,15:27:37,18514.35,50,513150
20221118,15:27:46,18512.10,50,513150
20221118,15:27:56,18512.00,50,513150
20221118,15:28:04,18515.00,250,513150
20221118,15:28:05,18516.00,100,513150
20221118,15:28:10,18515.25,50,513150
20221118,15:28:23,18515.00,50,513150
20221118,15:28:25,18516.00,50,513150
20221118,15:28:28,18517.45,250,513150
20221118,15:28:34,18515.00,50,513150
20221118,15:28:38,18515.00,50,513150
20221118,15:28:51,18516.30,50,513150
20221118,15:28:53,18515.00,50,513150
20221118,15:28:56,18515.00,50,513150
20221118,15:28:58,18515.00,50,513150
20221118,15:28:59,18515.00,50,513150
20221118,15:29:14,18515.00,50,513150
20221118,15:29:15,18512.00,50,513150
20221118,15:29:19,18511.40,150,513150
20221118,15:29:21,18515.85,50,513150
20221118,15:29:33,18515.85,150,513150
20221118,15:29:35,18512.90,100,513150
20221118,15:29:45,18517.40,200,513150
20221118,15:29:51,18517.40,50,513150
20221118,15:29:52,18516.00,100,513150
20221118,15:29:53,18517.00,100,513150
