20221118,09:15:12,3.70,1,44280
20221118,09:15:12,3.65,120,44280
20221118,09:15:16,3.00,120,44280
20221118,09:15:20,2.20,2920,44280
20221118,09:15:33,3.80,40,44280
20221118,09:15:37,3.80,40,44280
20221118,09:15:40,3.70,200,44280
20221118,09:15:44,2.85,40,44280
20221118,09:15:52,3.40,880,44280
20221118,09:15:59,2.90,440,44280
20221118,09:16:03,2.85,280,44280
20221118,09:16:06,2.85,240,44280
20221118,09:16:10,3.15,80,44280
20221118,09:16:13,3.15,720,44280
20221118,09:16:17,3.15,200,44280
20221118,09:16:21,3.15,400,44280
20221118,09:16:25,3.15,360,44280
20221118,09:16:28,3.05,520,44280
20221118,09:16:32,3.20,160,44280
20221118,09:16:36,3.25,80,44280
20221118,09:16:39,3.40,40,44280
20221118,09:16:43,3.45,1400,44280
20221118,09:16:47,3.15,880,44280
20221118,09:16:51,3.20,320,44280
20221118,09:16:55,3.40,320,44280
20221118,09:17:03,3.35,440,44280
20221118,09:17:07,3.30,1600,44280
20221118,09:17:11,3.35,3760,44280
20221118,09:17:14,3.00,18080,44280
20221118,09:17:18,3.30,600,44280
20221118,09:17:22,3.25,200,44280
20221118,09:17:26,3.30,1400,58120
20221118,09:17:30,3.35,3240,58120
20221118,09:17:34,3.20,1920,58120
20221118,09:17:38,3.20,400,58120
20221118,09:17:46,3.35,560,58120
20221118,09:17:53,3.20,640,58120
20221118,09:17:57,3.10,720,58120
20221118,09:18:01,3.15,800,58120
20221118,09:18:06,3.15,1080,58120
20221118,09:18:10,3.15,1200,58120
20221118,09:18:15,3.15,1200,58120
20221118,09:18:19,3.00,800,58120
20221118,09:18:24,3.15,480,58120
20221118,09:18:28,3.05,400,58120
20221118,09:18:33,3.10,400,58120
20221118,09:18:37,3.10,1400,58120
20221118,09:18:42,3.20,3560,58120
20221118,09:18:46,3.45,1320,58120
20221118,09:18:51,3.40,5240,58120
20221118,09:18:55,3.45,1000,58120
20221118,09:18:59,3.50,1400,58120
20221118,09:19:04,3.40,80,58120
20221118,09:19:08,3.30,40,58120
20221118,09:19:13,3.30,320,58120
20221118,09:19:18,3.45,1200,58120
20221118,09:19:22,3.45,720,58120
20221118,09:19:27,3.55,720,58120
20221118,09:19:31,3.55,1840,58120
20221118,09:19:36,3.50,3280,58120
20221118,09:19:40,3.50,6000,58120
20221118,09:19:45,3.45,6000,58120
20221118,09:19:50,3.45,2840,58120
20221118,09:19:54,3.40,40,58120
20221118,09:20:03,3.55,5520,58120
20221118,09:20:08,3.55,1360,58120
20221118,09:20:13,3.30,8840,58120
20221118,09:20:22,3.55,640,58120
20221118,09:20:26,3.70,640,76520
20221118,09:20:30,3.65,320,76520
20221118,09:20:35,3.35,680,76520
20221118,09:20:40,3.50,840,76520
20221118,09:20:44,3.45,160,76520
20221118,09:20:53,3.45,680,76520
20221118,09:20:58,3.50,40,76520
20221118,09:21:02,3.45,200,76520
20221118,09:21:07,3.35,680,76520
20221118,09:21:11,3.40,800,76520
20221118,09:21:15,3.40,40,76520
20221118,09:21:20,3.35,1160,76520
20221118,09:21:24,3.25,160,76520
20221118,09:21:29,3.30,480,76520
20221118,09:21:34,3.45,640,76520
20221118,09:21:38,3.50,2400,76520
20221118,09:21:43,3.40,480,76520
20221118,09:21:47,3.35,640,76520
20221118,09:21:52,3.25,40,76520
20221118,09:21:56,3.20,80,76520
20221118,09:22:01,3.25,520,76520
20221118,09:22:05,3.20,80,76520
20221118,09:22:10,3.20,280,76520
20221118,09:22:14,3.15,2920,76520
20221118,09:22:24,3.05,200,76520
20221118,09:22:28,3.00,1800,76520
20221118,09:22:33,3.00,680,76520
20221118,09:22:37,3.00,1880,76520
20221118,09:22:47,3.00,120,76520
20221118,09:22:56,3.00,480,76520
20221118,09:23:05,3.00,840,76520
20221118,09:23:13,3.00,80,76520
20221118,09:23:18,2.95,160,76520
20221118,09:23:22,2.85,1360,76520
20221118,09:23:27,3.00,40,77680
20221118,09:23:35,2.85,680,77680
20221118,09:23:40,2.80,80,77680
20221118,09:23:44,2.75,160,77680
20221118,09:23:49,2.75,360,77680
20221118,09:23:53,2.85,160,77680
20221118,09:23:58,2.80,200,77680
20221118,09:24:02,2.75,960,77680
20221118,09:24:07,2.75,1280,77680
20221118,09:24:11,2.75,1320,77680
20221118,09:24:16,2.85,200,77680
20221118,09:24:20,2.80,640,77680
20221118,09:24:25,2.85,4720,77680
20221118,09:24:29,2.85,40,77680
20221118,09:24:34,2.85,1120,77680
20221118,09:24:42,2.95,1640,77680
20221118,09:25:00,2.85,160,77680
20221118,09:25:09,2.85,240,77680
20221118,09:25:14,2.85,1120,77680
20221118,09:25:19,2.85,40,77680
20221118,09:25:28,2.80,600,77680
20221118,09:25:37,2.70,360,77680
20221118,09:25:42,2.75,720,77680
20221118,09:25:51,2.75,120,77680
20221118,09:25:55,2.80,1480,77680
20221118,09:26:00,2.75,680,77680
20221118,09:26:04,2.75,120,77680
20221118,09:26:14,2.85,1840,77680
20221118,09:26:18,2.85,240,77680
20221118,09:26:22,2.85,240,77680
20221118,09:26:27,2.85,120,77600
20221118,09:26:32,2.85,640,77600
20221118,09:26:36,3.00,1120,77600
20221118,09:26:41,2.90,560,77600
20221118,09:26:46,2.90,200,77600
20221118,09:26:50,2.85,360,77600
20221118,09:27:13,2.80,80,77600
20221118,09:27:18,2.85,120,77600
20221118,09:27:22,2.80,160,77600
20221118,09:27:26,2.80,40,77600
20221118,09:27:31,2.75,80,77600
20221118,09:27:40,2.75,2000,77600
20221118,09:27:49,2.75,760,77600
20221118,09:27:53,2.75,160,77600
20221118,09:27:58,2.85,880,77600
20221118,09:28:02,2.80,120,77600
20221118,09:28:15,2.70,400,77600
20221118,09:28:20,2.55,1920,77600
20221118,09:28:42,2.65,120,77600
20221118,09:28:47,2.60,160,77600
20221118,09:28:51,2.65,1200,77600
20221118,09:28:56,2.65,120,77600
20221118,09:29:18,2.60,480,77600
20221118,09:29:36,2.65,400,79920
20221118,09:29:45,2.65,120,79920
20221118,09:29:49,2.60,240,79920
20221118,09:29:53,2.60,640,79920
20221118,09:29:58,2.60,240,79920
20221118,09:30:03,2.60,120,79920
20221118,09:30:07,2.55,720,79920
20221118,09:30:12,2.55,120,79920
20221118,09:30:22,2.60,40,79920
20221118,09:30:31,2.55,40,79920
20221118,09:30:35,2.55,40,79920
20221118,09:30:40,2.60,40,79920
20221118,09:30:49,2.60,200,79920
20221118,09:30:53,2.65,2160,79920
20221118,09:31:07,2.75,40,79920
20221118,09:31:12,2.65,160,79920
20221118,09:31:21,2.60,80,79920
20221118,09:31:30,2.55,520,79920
20221118,09:31:39,2.55,80,79920
20221118,09:31:48,2.60,200,79920
20221118,09:32:02,2.55,1040,79920
20221118,09:32:06,2.60,80,79920
20221118,09:32:10,2.55,40,79920
20221118,09:32:15,2.60,440,79920
20221118,09:32:24,2.55,200,79920
20221118,09:32:28,2.50,2440,81400
20221118,09:32:33,2.45,1280,81400
20221118,09:32:38,2.35,120,81400
20221118,09:32:43,2.30,840,81400
20221118,09:32:48,2.35,280,81400
20221118,09:32:53,2.30,600,81400
20221118,09:32:57,2.30,200,81400
20221118,09:33:02,2.30,240,81400
20221118,09:33:07,2.35,120,81400
20221118,09:33:16,2.30,240,81400
20221118,09:33:20,2.30,200,81400
20221118,09:33:25,2.30,80,81400
20221118,09:33:29,2.25,200,81400
20221118,09:33:38,2.35,280,81400
20221118,09:33:48,2.25,360,81400
20221118,09:33:52,2.25,120,81400
20221118,09:33:56,2.30,800,81400
20221118,09:34:01,2.30,360,81400
20221118,09:34:05,2.25,640,81400
20221118,09:34:10,2.20,120,81400
20221118,09:34:14,2.20,280,81400
20221118,09:34:19,2.30,400,81400
20221118,09:34:24,2.20,80,81400
20221118,09:34:28,2.25,120,81400
20221118,09:34:37,2.25,120,81400
20221118,09:34:51,2.15,320,81400
20221118,09:34:56,2.20,40,81400
20221118,09:35:00,2.15,440,81400
20221118,09:35:05,2.25,240,81400
20221118,09:35:09,2.15,240,81400
20221118,09:35:13,2.20,40,81400
20221118,09:35:22,2.25,960,81400
20221118,09:35:27,2.20,120,77880
20221118,09:35:31,2.20,600,77880
20221118,09:35:35,2.20,360,77880
20221118,09:35:40,2.25,240,77880
20221118,09:35:44,2.10,1200,77880
20221118,09:35:49,2.15,2080,77880
20221118,09:35:53,2.15,120,77880
20221118,09:35:58,2.15,360,77880
20221118,09:36:02,2.10,40,77880
20221118,09:36:06,2.10,40,77880
20221118,09:36:11,2.10,480,77880
20221118,09:36:16,2.15,720,77880
20221118,09:36:20,2.05,200,77880
20221118,09:36:25,2.15,400,77880
20221118,09:36:29,2.10,200,77880
20221118,09:36:38,2.10,80,77880
20221118,09:36:47,2.10,40,77880
20221118,09:36:51,2.05,120,77880
20221118,09:36:55,2.00,80,77880
20221118,09:36:59,2.00,40,77880
20221118,09:37:04,2.00,40,77880
20221118,09:37:08,2.00,200,77880
20221118,09:37:13,2.00,1240,77880
20221118,09:37:19,2.00,400,77880
20221118,09:37:28,2.00,280,77880
20221118,09:37:41,2.00,80,77880
20221118,09:37:46,2.00,440,77880
20221118,09:37:50,2.00,80,77880
20221118,09:37:55,2.00,1680,77880
20221118,09:37:59,1.90,240,77880
20221118,09:38:08,1.90,600,77880
20221118,09:38:13,2.00,4160,77880
20221118,09:38:18,2.00,4280,77880
20221118,09:38:23,2.00,320,77880
20221118,09:38:41,1.90,2040,76840
20221118,09:38:45,1.95,400,76840
20221118,09:38:54,1.85,160,76840
20221118,09:38:59,1.85,2400,76840
20221118,09:39:03,1.90,400,76840
20221118,09:39:07,1.90,80,76840
20221118,09:39:12,1.90,80,76840
20221118,09:39:21,1.85,880,76840
20221118,09:39:30,1.90,80,76840
20221118,09:39:34,1.85,760,76840
20221118,09:39:39,1.85,1320,76840
20221118,09:39:43,1.80,720,76840
20221118,09:39:48,1.85,520,76840
20221118,09:39:52,1.80,40,76840
20221118,09:39:57,1.85,760,76840
20221118,09:40:06,1.85,120,76840
20221118,09:40:10,1.85,240,76840
20221118,09:40:15,1.85,3000,76840
20221118,09:40:19,1.85,2000,76840
20221118,09:40:24,1.85,520,76840
20221118,09:40:29,1.85,200,76840
20221118,09:40:33,1.85,440,76840
20221118,09:40:37,1.85,80,76840
20221118,09:40:42,1.85,80,76840
20221118,09:40:50,1.85,440,76840
20221118,09:40:55,1.85,80,76840
20221118,09:40:59,1.85,120,76840
20221118,09:41:04,1.85,80,76840
20221118,09:41:08,1.80,120,76840
20221118,09:41:18,1.80,200,76840
20221118,09:41:23,1.85,880,76840
20221118,09:41:32,1.85,80,70800
20221118,09:41:37,1.85,400,70800
20221118,09:41:45,1.80,120,70800
20221118,09:41:50,1.85,2400,70800
20221118,09:42:12,1.80,960,70800
20221118,09:42:30,1.75,880,70800
20221118,09:42:34,1.80,40,70800
20221118,09:42:43,1.80,40,70800
20221118,09:42:47,1.70,1400,70800
20221118,09:42:52,1.70,120,70800
20221118,09:42:56,1.80,480,70800
20221118,09:43:01,1.75,1480,70800
20221118,09:43:05,1.80,1320,70800
20221118,09:43:09,1.80,1800,70800
20221118,09:43:14,1.80,480,70800
20221118,09:43:18,1.80,1480,70800
20221118,09:43:26,1.75,1240,70800
20221118,09:43:30,1.80,440,70800
20221118,09:43:35,1.75,40,70800
20221118,09:43:39,1.80,720,70800
20221118,09:43:44,1.80,1000,70800
20221118,09:43:48,1.80,3120,70800
20221118,09:43:58,1.75,2600,70800
20221118,09:44:11,1.75,600,70800
20221118,09:44:16,1.75,1080,70800
20221118,09:44:33,1.75,120,66200
20221118,09:44:37,1.75,1680,66200
20221118,09:44:46,1.80,200,66200
20221118,09:44:50,1.80,120,66200
20221118,09:44:55,1.75,1240,66200
20221118,09:44:59,1.80,360,66200
20221118,09:45:04,1.75,600,66200
20221118,09:45:09,1.75,80,66200
20221118,09:45:17,1.75,40,66200
20221118,09:45:26,1.80,240,66200
20221118,09:45:30,1.80,160,66200
20221118,09:45:35,1.80,440,66200
20221118,09:45:39,1.85,920,66200
20221118,09:45:44,1.75,40,66200
20221118,09:45:49,1.85,1600,66200
20221118,09:45:53,1.80,1360,66200
20221118,09:45:57,1.80,80,66200
20221118,09:46:06,1.75,120,66200
20221118,09:46:11,1.80,40,66200
20221118,09:46:16,1.80,120,66200
20221118,09:46:21,1.80,1040,66200
20221118,09:46:30,1.80,80,66200
20221118,09:46:34,1.75,720,66200
20221118,09:46:39,1.75,240,66200
20221118,09:46:44,1.80,280,66200
20221118,09:46:49,1.80,80,66200
20221118,09:46:53,1.80,600,66200
20221118,09:46:58,1.75,40,66200
20221118,09:47:02,1.75,40,66200
20221118,09:47:11,1.75,2000,66200
20221118,09:47:16,1.80,480,66200
20221118,09:47:20,1.70,120,66200
20221118,09:47:30,1.80,160,69960
20221118,09:47:35,1.75,40,69960
20221118,09:47:39,1.75,520,69960
20221118,09:47:44,1.75,960,69960
20221118,09:47:49,1.75,440,69960
20221118,09:48:03,1.80,40,69960
20221118,09:48:07,1.80,400,69960
20221118,09:48:12,1.70,320,69960
20221118,09:48:16,1.80,40,69960
20221118,09:48:20,1.70,160,69960
20221118,09:48:25,1.70,80,69960
20221118,09:48:30,1.75,40,69960
20221118,09:48:53,1.75,240,69960
20221118,09:48:58,1.75,40,69960
20221118,09:49:02,1.75,40,69960
20221118,09:49:07,1.70,560,69960
20221118,09:49:30,1.75,40,69960
20221118,09:49:34,1.70,40,69960
20221118,09:49:38,1.70,40,69960
20221118,09:49:43,1.65,2120,69960
20221118,09:49:47,1.75,720,69960
20221118,09:49:52,1.75,480,69960
20221118,09:49:56,1.75,680,69960
20221118,09:50:01,1.65,520,69960
20221118,09:50:05,1.65,120,69960
20221118,09:50:10,1.70,80,69960
20221118,09:50:18,1.70,40,69960
20221118,09:50:23,1.70,280,69960
20221118,09:50:27,1.65,1080,69960
20221118,09:50:36,1.70,80,72320
20221118,09:50:40,1.65,240,72320
20221118,09:50:45,1.65,120,72320
20221118,09:50:58,1.60,1800,72320
20221118,09:51:02,1.65,480,72320
20221118,09:51:06,1.75,200,72320
20221118,09:51:11,1.75,440,72320
20221118,09:51:15,1.75,200,72320
20221118,09:51:20,1.75,560,72320
20221118,09:51:24,1.75,1440,72320
20221118,09:51:29,1.70,160,72320
20221118,09:51:33,1.65,80,72320
20221118,09:51:38,1.75,680,72320
20221118,09:51:42,1.65,480,72320
20221118,09:51:46,1.75,360,72320
20221118,09:51:51,1.70,160,72320
20221118,09:51:56,1.70,240,72320
20221118,09:52:00,1.70,80,72320
20221118,09:52:05,1.65,240,72320
20221118,09:52:14,1.65,880,72320
20221118,09:52:23,1.65,40,72320
20221118,09:52:27,1.75,40,72320
20221118,09:52:45,1.70,80,72320
20221118,09:53:08,1.70,80,72320
20221118,09:53:17,1.70,80,72320
20221118,09:53:31,1.70,1440,72920
20221118,09:53:36,1.75,960,72920
20221118,09:53:41,1.65,1440,72920
20221118,09:53:45,1.65,2760,72920
20221118,09:53:50,1.60,1760,72920
20221118,09:53:55,1.65,160,72920
20221118,09:54:00,1.70,400,72920
20221118,09:54:09,1.70,40,72920
20221118,09:54:22,1.75,320,72920
20221118,09:55:06,1.65,40,72920
20221118,09:55:29,1.65,80,72920
20221118,09:55:34,1.65,1120,72920
20221118,09:55:40,1.65,40,72920
20221118,09:55:45,1.70,880,72920
20221118,09:55:50,1.70,600,72920
20221118,09:55:54,1.75,200,72920
20221118,09:55:59,1.70,400,72920
20221118,09:56:04,1.75,160,72920
20221118,09:56:08,1.70,40,72920
20221118,09:56:13,1.70,40,72920
20221118,09:56:17,1.75,160,72920
20221118,09:56:35,1.70,40,75000
20221118,09:56:40,1.75,960,75000
20221118,09:56:49,1.75,80,75000
20221118,09:56:54,1.75,600,75000
20221118,09:56:59,1.75,240,75000
20221118,09:57:03,1.75,40,75000
20221118,09:57:12,1.70,120,75000
20221118,09:57:17,1.75,120,75000
20221118,09:57:30,1.75,40,75000
20221118,09:57:44,1.75,40,75000
20221118,09:57:54,1.70,320,75000
20221118,09:57:58,1.75,160,75000
20221118,09:58:03,1.75,120,75000
20221118,09:58:12,1.80,1560,75000
20221118,09:58:17,1.70,1040,75000
20221118,09:58:21,1.75,2760,75000
20221118,09:58:26,1.70,240,75000
20221118,09:58:30,1.70,240,75000
20221118,09:58:35,1.70,160,75000
20221118,09:59:02,1.70,80,75000
20221118,09:59:23,1.80,160,75000
20221118,09:59:28,1.80,240,75000
20221118,09:59:32,1.80,400,76160
20221118,09:59:54,1.70,40,76160
20221118,10:00:12,1.70,160,76160
20221118,10:00:16,1.70,80,76160
20221118,10:00:30,1.75,40,76160
20221118,10:00:43,1.75,40,76160
20221118,10:00:48,1.75,40,76160
20221118,10:01:40,1.75,80,76160
20221118,10:02:01,1.80,440,76160
20221118,10:02:11,1.70,320,76160
20221118,10:02:16,1.70,160,76160
20221118,10:02:20,1.70,200,76160
20221118,10:02:25,1.70,160,76160
20221118,10:02:29,1.70,1680,76160
20221118,10:02:34,1.70,1040,77880
20221118,10:02:42,1.70,400,77880
20221118,10:02:47,1.70,160,77880
20221118,10:02:51,1.70,320,77880
20221118,10:02:56,1.70,8800,77880
20221118,10:03:04,1.65,1120,77880
20221118,10:03:09,1.65,40,77880
20221118,10:03:13,1.70,1720,77880
20221118,10:03:23,1.65,200,77880
20221118,10:03:31,1.70,80,77880
20221118,10:04:18,1.60,80,77880
20221118,10:04:22,1.60,440,77880
20221118,10:04:31,1.70,80,77880
20221118,10:04:36,1.70,160,77880
20221118,10:04:40,1.65,160,77880
20221118,10:04:45,1.65,80,77880
20221118,10:05:15,1.65,40,77880
20221118,10:05:33,1.65,160,80600
20221118,10:05:42,1.60,1800,80600
20221118,10:06:08,1.65,1320,80600
20221118,10:06:13,1.65,240,80600
20221118,10:06:22,1.65,80,80600
20221118,10:06:34,1.65,80,80600
20221118,10:06:43,1.65,1640,80600
20221118,10:07:03,1.70,120,80600
20221118,10:07:53,1.70,240,80600
20221118,10:07:56,1.65,320,80600
20221118,10:08:16,1.70,160,80600
20221118,10:08:20,1.70,80,80600
20221118,10:08:40,1.70,240,77800
20221118,10:08:44,1.70,120,77800
20221118,10:08:48,1.70,120,77800
20221118,10:08:52,1.70,240,77800
20221118,10:08:56,1.70,600,77800
20221118,10:09:48,1.70,360,77800
20221118,10:09:55,1.65,920,77800
20221118,10:10:03,1.65,80,77800
20221118,10:10:08,1.65,40,77800
20221118,10:10:11,1.60,160,77800
20221118,10:10:15,1.60,320,77800
20221118,10:10:19,1.60,960,77800
20221118,10:10:31,1.65,80,77800
20221118,10:10:51,1.60,3520,77800
20221118,10:10:54,1.60,1000,77800
20221118,10:10:58,1.60,1320,77800
20221118,10:11:02,1.55,1920,77800
20221118,10:11:06,1.55,1600,77800
20221118,10:11:10,1.60,920,77800
20221118,10:11:13,1.55,440,77800
20221118,10:11:17,1.60,160,77800
20221118,10:11:21,1.65,760,77800
20221118,10:11:25,1.60,280,77800
20221118,10:11:29,1.55,120,77800
20221118,10:11:33,1.55,440,77800
20221118,10:11:36,1.60,400,84840
20221118,10:11:40,1.60,1480,84840
20221118,10:11:44,1.60,720,84840
20221118,10:11:48,1.55,80,84840
20221118,10:12:02,1.50,1760,84840
20221118,10:12:06,1.60,1120,84840
20221118,10:12:10,1.55,40,84840
20221118,10:12:19,1.55,1760,84840
20221118,10:12:23,1.60,200,84840
20221118,10:12:31,1.60,720,84840
20221118,10:12:36,1.55,40,84840
20221118,10:12:40,1.60,640,84840
20221118,10:12:45,1.55,80,84840
20221118,10:12:57,1.55,120,84840
20221118,10:13:10,1.60,320,84840
20221118,10:13:41,1.55,880,84840
20221118,10:13:46,1.60,80,84840
20221118,10:14:00,1.55,120,84840
20221118,10:14:17,1.60,120,84840
20221118,10:14:22,1.55,40,84840
20221118,10:14:31,1.60,40,84840
20221118,10:14:40,1.60,320,85680
20221118,10:14:44,1.60,240,85680
20221118,10:14:48,1.60,120,85680
20221118,10:14:57,1.60,240,85680
20221118,10:15:01,1.60,160,85680
20221118,10:15:23,1.60,3000,85680
20221118,10:15:28,1.60,240,85680
20221118,10:15:32,1.60,80,85680
20221118,10:15:36,1.60,160,85680
20221118,10:15:54,1.60,40,85680
20221118,10:16:28,1.55,240,85680
20221118,10:16:41,1.65,80,85680
20221118,10:16:54,1.65,40,85680
20221118,10:17:02,1.65,40,85680
20221118,10:17:07,1.65,40,85680
20221118,10:17:23,1.65,40,85680
20221118,10:17:28,1.65,1000,85680
20221118,10:17:45,1.60,640,85520
20221118,10:18:01,1.60,120,85520
20221118,10:18:18,1.60,240,85520
20221118,10:18:43,1.65,200,85520
20221118,10:19:01,1.60,80,85520
20221118,10:19:26,1.60,520,85520
20221118,10:19:30,1.60,200,85520
20221118,10:19:38,1.60,160,85520
20221118,10:20:11,1.60,320,85520
20221118,10:21:02,1.60,880,84520
20221118,10:21:14,1.65,320,84520
20221118,10:22:51,1.60,1080,84520
20221118,10:23:37,1.55,200,84520
20221118,10:23:41,1.55,240,84520
20221118,10:23:50,1.50,2800,84520
20221118,10:23:54,1.50,80,84520
20221118,10:23:58,1.50,120,84520
20221118,10:27:16,1.55,240,85560
20221118,10:27:24,1.55,400,85560
20221118,10:27:32,1.55,320,85560
20221118,10:27:36,1.50,80,85560
20221118,10:27:40,1.55,320,85560
20221118,10:28:54,1.50,2520,85560
20221118,10:29:02,1.50,80,85560
20221118,10:29:06,1.45,200,85560
20221118,10:29:10,1.45,320,85560
20221118,10:29:21,1.45,1280,85560
20221118,10:29:25,1.45,160,85560
20221118,10:29:33,1.50,40,85560
20221118,10:29:36,1.50,480,85560
20221118,10:29:44,1.50,1040,87360
20221118,10:29:48,1.50,600,87360
20221118,10:29:52,1.50,200,87360
20221118,10:30:12,1.50,120,87360
20221118,10:30:20,1.55,320,87360
20221118,10:30:24,1.50,280,87360
20221118,10:30:32,1.55,280,87360
20221118,10:30:49,1.55,200,87360
20221118,10:30:54,1.55,280,87360
20221118,10:30:58,1.45,440,87360
20221118,10:31:02,1.45,360,87360
20221118,10:31:06,1.45,40,87360
20221118,10:31:10,1.45,80,87360
20221118,10:31:25,1.45,80,87360
20221118,10:31:29,1.40,120,87360
20221118,10:31:33,1.40,40,87360
20221118,10:31:40,1.45,40,87360
20221118,10:31:44,1.45,80,87360
20221118,10:31:48,1.50,360,87360
20221118,10:31:53,1.50,240,87360
20221118,10:31:57,1.50,40,87360
20221118,10:32:28,1.50,360,87360
20221118,10:32:35,1.50,160,87360
20221118,10:32:46,1.50,120,87360
20221118,10:32:51,1.45,360,87040
20221118,10:32:55,1.45,160,87040
20221118,10:33:06,1.50,120,87040
20221118,10:33:14,1.55,880,87040
20221118,10:33:19,1.50,200,87040
20221118,10:33:34,1.55,240,87040
20221118,10:33:46,1.50,40,87040
20221118,10:34:39,1.50,40,87040
20221118,10:34:52,1.55,200,87040
20221118,10:35:29,1.55,160,87040
20221118,10:35:53,1.55,120,87040
20221118,10:36:10,1.60,160,86440
20221118,10:37:33,1.55,280,86440
20221118,10:37:38,1.50,560,86440
20221118,10:37:44,1.50,920,86440
20221118,10:37:49,1.50,120,86440
20221118,10:37:54,1.50,280,86440
20221118,10:38:07,1.50,320,86440
20221118,10:38:48,1.50,480,85560
20221118,10:39:05,1.50,400,85560
20221118,10:39:10,1.50,960,85560
20221118,10:39:15,1.50,360,85560
20221118,10:39:19,1.50,400,85560
20221118,10:39:24,1.50,120,85560
20221118,10:39:42,1.55,120,85560
20221118,10:39:56,1.55,160,85560
20221118,10:40:00,1.55,160,85560
20221118,10:40:04,1.55,160,85560
20221118,10:40:09,1.50,40,85560
20221118,10:40:13,1.50,80,85560
20221118,10:40:18,1.50,40,85560
20221118,10:40:22,1.55,1240,85560
20221118,10:40:31,1.50,80,85560
20221118,10:40:36,1.50,280,85560
20221118,10:40:41,1.50,3000,85560
20221118,10:40:45,1.45,4880,85560
20221118,10:40:50,1.50,720,85560
20221118,10:40:54,1.50,160,85560
20221118,10:41:03,1.45,40,85560
20221118,10:41:07,1.45,1960,85560
20221118,10:41:12,1.35,2600,85560
20221118,10:41:16,1.40,1240,85560
20221118,10:41:20,1.40,520,85560
20221118,10:41:29,1.35,360,85560
20221118,10:41:38,1.30,480,98640
20221118,10:41:43,1.30,1400,98640
20221118,10:41:47,1.30,120,98640
20221118,10:41:51,1.35,1600,98640
20221118,10:41:56,1.30,80,98640
20221118,10:42:00,1.35,440,98640
20221118,10:42:05,1.30,1560,98640
20221118,10:42:09,1.30,40,98640
20221118,10:42:13,1.30,40,98640
20221118,10:42:17,1.25,160,98640
20221118,10:42:34,1.20,1120,98640
20221118,10:42:42,1.30,80,98640
20221118,10:42:54,1.20,120,98640
20221118,10:42:58,1.20,800,98640
20221118,10:43:07,1.25,200,98640
20221118,10:43:20,1.25,160,98640
20221118,10:43:24,1.25,200,98640
20221118,10:44:18,1.30,160,98640
20221118,10:44:35,1.25,40,98640
20221118,10:44:39,1.25,160,98640
20221118,10:44:44,1.25,1680,100160
20221118,10:44:53,1.20,680,100160
20221118,10:44:57,1.25,40,100160
20221118,10:45:01,1.25,240,100160
20221118,10:45:53,1.25,80,100160
20221118,10:46:28,1.25,1200,100160
20221118,10:46:32,1.15,960,100160
20221118,10:46:36,1.30,2040,100160
20221118,10:46:40,1.20,120,100160
20221118,10:46:45,1.20,120,100160
20221118,10:46:54,1.20,240,100160
20221118,10:46:58,1.20,1240,100160
20221118,10:47:07,1.20,120,100160
20221118,10:47:11,1.20,640,100160
20221118,10:47:15,1.25,720,100160
20221118,10:47:24,1.20,40,100160
20221118,10:47:28,1.20,200,100160
20221118,10:47:44,1.25,240,102560
20221118,10:47:48,1.25,40,102560
20221118,10:47:52,1.30,120,102560
20221118,10:48:00,1.25,280,102560
20221118,10:48:12,1.25,40,102560
20221118,10:48:16,1.25,120,102560
20221118,10:48:21,1.20,80,102560
20221118,10:48:25,1.20,1040,102560
20221118,10:48:29,1.20,920,102560
20221118,10:48:34,1.20,1080,102560
20221118,10:48:38,1.20,80,102560
20221118,10:48:42,1.15,880,102560
20221118,10:48:50,1.15,40,102560
20221118,10:48:54,1.10,880,102560
20221118,10:48:58,1.10,400,102560
20221118,10:49:02,1.10,40,102560
20221118,10:49:07,1.25,280,102560
20221118,10:49:31,1.20,120,102560
20221118,10:49:43,1.10,1000,102560
20221118,10:49:56,1.20,1320,102560
20221118,10:50:05,1.20,160,102560
20221118,10:50:09,1.20,360,102560
20221118,10:50:13,1.20,40,102560
20221118,10:50:22,1.20,280,102560
20221118,10:50:27,1.20,480,102560
20221118,10:50:31,1.20,160,102560
20221118,10:50:35,1.20,40,102560
20221118,10:50:40,1.15,1320,102560
20221118,10:50:44,1.25,1120,102680
20221118,10:50:49,1.15,120,102680
20221118,10:50:54,1.20,40,102680
20221118,10:50:58,1.25,200,102680
20221118,10:51:02,1.15,120,102680
20221118,10:51:11,1.20,320,102680
20221118,10:51:16,1.25,40,102680
20221118,10:51:20,1.25,560,102680
20221118,10:51:25,1.15,2800,102680
20221118,10:51:30,1.20,560,102680
20221118,10:51:35,1.15,80,102680
20221118,10:51:39,1.20,480,102680
20221118,10:51:44,1.15,120,102680
20221118,10:51:48,1.15,640,102680
20221118,10:51:52,1.20,80,102680
20221118,10:52:01,1.15,80,102680
20221118,10:52:15,1.15,160,102680
20221118,10:52:32,1.15,120,102680
20221118,10:52:36,1.15,160,102680
20221118,10:52:41,1.20,480,102680
20221118,10:52:45,1.20,120,102680
20221118,10:52:50,1.15,440,102680
20221118,10:52:54,1.15,120,102680
20221118,10:53:02,1.20,80,102680
20221118,10:53:15,1.15,120,102680
20221118,10:53:19,1.20,80,102680
20221118,10:53:31,1.15,1320,102680
20221118,10:53:40,1.20,1560,102680
20221118,10:53:44,1.20,120,101080
20221118,10:54:14,1.20,80,101080
20221118,10:54:22,1.25,240,101080
20221118,10:54:34,1.20,120,101080
20221118,10:54:38,1.20,160,101080
20221118,10:54:53,1.20,80,101080
20221118,10:55:18,1.15,760,101080
20221118,10:55:39,1.20,80,101080
20221118,10:56:05,1.20,80,101080
20221118,10:56:09,1.15,640,101080
20221118,10:56:12,1.20,400,101080
20221118,10:56:16,1.20,400,101080
20221118,10:56:20,1.20,80,101080
20221118,10:56:24,1.15,40,101080
20221118,10:56:44,1.20,120,101000
20221118,10:56:52,1.20,400,101000
20221118,10:56:57,1.15,40,101000
20221118,10:57:01,1.20,280,101000
20221118,10:57:05,1.25,360,101000
20221118,10:57:41,1.20,40,101000
20221118,10:58:13,1.25,160,101000
20221118,10:58:17,1.25,400,101000
20221118,10:58:22,1.25,760,101000
20221118,10:58:32,1.20,400,101000
20221118,10:58:37,1.20,160,101000
20221118,10:58:51,1.15,2160,101000
20221118,10:58:55,1.15,40,101000
20221118,10:59:12,1.15,40,101000
20221118,10:59:16,1.20,80,101000
20221118,10:59:56,1.15,120,100560
20221118,11:00:00,1.15,360,100560
20221118,11:00:08,1.15,120,100560
20221118,11:00:21,1.20,520,100560
20221118,11:00:26,1.15,640,100560
20221118,11:00:57,1.20,280,100560
20221118,11:01:20,1.20,4000,100560
20221118,11:01:29,1.25,2480,100560
20221118,11:01:38,1.20,160,100560
20221118,11:01:55,1.25,200,100560
20221118,11:02:23,1.25,160,100560
20221118,11:02:27,1.25,80,100560
20221118,11:02:32,1.25,40,100560
20221118,11:02:45,1.20,120,99840
20221118,11:03:21,1.30,360,99840
20221118,11:03:25,1.30,520,99840
20221118,11:03:30,1.25,40,99840
20221118,11:04:13,1.25,40,99840
20221118,11:04:38,1.25,80,99840
20221118,11:04:42,1.25,160,99840
20221118,11:04:59,1.25,960,99840
20221118,11:05:17,1.25,40,99840
20221118,11:05:34,1.30,120,99840
20221118,11:06:21,1.25,1880,98960
20221118,11:06:34,1.30,640,98960
20221118,11:06:38,1.30,400,98960
20221118,11:06:55,1.30,560,98960
20221118,11:06:59,1.30,400,98960
20221118,11:07:08,1.30,1800,98960
20221118,11:07:16,1.25,80,98960
20221118,11:07:33,1.25,40,98960
20221118,11:07:38,1.25,80,98960
20221118,11:07:42,1.25,240,98960
20221118,11:07:46,1.25,240,98960
20221118,11:07:50,1.25,120,98960
20221118,11:07:54,1.25,360,98960
20221118,11:08:03,1.30,1840,98960
20221118,11:08:07,1.25,240,98960
20221118,11:08:12,1.30,120,98960
20221118,11:08:16,1.25,2000,98960
20221118,11:08:20,1.30,40,98960
20221118,11:09:11,1.30,40,90800
20221118,11:09:16,1.25,400,90800
20221118,11:09:21,1.25,200,90800
20221118,11:09:26,1.35,120,90800
20221118,11:09:31,1.35,360,90800
20221118,11:09:36,1.30,160,90800
20221118,11:09:41,1.30,160,90800
20221118,11:09:54,1.30,40,90800
20221118,11:09:59,1.30,40,90800
20221118,11:10:04,1.30,160,90800
20221118,11:10:17,1.30,160,90800
20221118,11:10:22,1.30,400,90800
20221118,11:10:26,1.30,440,90800
20221118,11:10:31,1.35,800,90800
20221118,11:10:35,1.25,240,90800
20221118,11:10:40,1.25,40,90800
20221118,11:10:44,1.30,240,90800
20221118,11:10:48,1.30,40,90800
20221118,11:10:53,1.25,400,90800
20221118,11:10:57,1.25,40,90800
20221118,11:11:06,1.25,200,90800
20221118,11:11:15,1.30,240,90800
20221118,11:11:18,1.30,1560,90800
20221118,11:11:23,1.25,320,90800
20221118,11:11:27,1.20,1280,90800
20221118,11:11:32,1.25,1280,90800
20221118,11:11:36,1.35,960,90800
20221118,11:11:40,1.25,280,90800
20221118,11:11:44,1.25,120,90800
20221118,11:11:48,1.25,200,90720
20221118,11:11:56,1.30,360,90720
20221118,11:12:00,1.30,40,90720
20221118,11:12:14,1.35,2440,90720
20221118,11:12:19,1.25,560,90720
20221118,11:12:24,1.30,880,90720
20221118,11:12:29,1.25,200,90720
20221118,11:12:34,1.20,240,90720
20221118,11:12:39,1.25,640,90720
20221118,11:12:44,1.25,640,90720
20221118,11:12:48,1.30,440,90720
20221118,11:12:53,1.20,320,90720
20221118,11:12:57,1.25,280,90720
20221118,11:13:02,1.30,200,90720
20221118,11:13:06,1.25,80,90720
20221118,11:13:11,1.25,680,90720
20221118,11:13:15,1.25,520,90720
20221118,11:13:20,1.25,120,90720
20221118,11:13:24,1.25,320,90720
20221118,11:13:29,1.30,720,90720
20221118,11:13:37,1.30,760,90720
20221118,11:13:42,1.35,1080,90720
20221118,11:13:50,1.30,520,90720
20221118,11:13:54,1.35,240,90720
20221118,11:13:58,1.30,160,90720
20221118,11:14:15,1.35,480,90720
20221118,11:14:20,1.40,800,90720
20221118,11:14:24,1.35,1480,90720
20221118,11:14:29,1.35,160,90720
20221118,11:14:34,1.35,160,90720
20221118,11:14:39,1.35,160,90720
20221118,11:14:44,1.35,440,90720
20221118,11:14:49,1.40,280,90720
20221118,11:15:03,1.35,160,91080
20221118,11:15:07,1.35,80,91080
20221118,11:15:12,1.45,720,91080
20221118,11:15:16,1.40,1720,91080
20221118,11:15:21,1.35,320,91080
20221118,11:15:26,1.35,480,91080
20221118,11:15:30,1.40,240,91080
20221118,11:15:35,1.40,320,91080
20221118,11:15:39,1.40,1440,91080
20221118,11:15:56,1.40,120,91080
20221118,11:16:21,1.40,1360,91080
20221118,11:16:25,1.40,160,91080
20221118,11:16:29,1.40,440,91080
20221118,11:16:33,1.35,320,91080
20221118,11:16:38,1.35,40,91080
20221118,11:16:42,1.35,280,91080
20221118,11:16:46,1.40,280,91080
20221118,11:16:49,1.40,320,91080
20221118,11:16:53,1.35,1640,91080
20221118,11:16:58,1.35,2280,91080
20221118,11:17:02,1.35,240,91080
20221118,11:17:06,1.35,40,91080
20221118,11:17:10,1.35,160,91080
20221118,11:17:18,1.35,80,91080
20221118,11:17:34,1.35,120,91080
20221118,11:17:42,1.35,160,91080
20221118,11:17:46,1.35,40,91120
20221118,11:17:50,1.30,280,91120
20221118,11:17:54,1.35,40,91120
20221118,11:17:58,1.35,80,91120
20221118,11:18:02,1.35,80,91120
20221118,11:18:10,1.30,1680,91120
20221118,11:18:15,1.30,640,91120
20221118,11:18:23,1.30,80,91120
20221118,11:18:28,1.30,80,91120
20221118,11:18:32,1.30,1480,91120
20221118,11:18:37,1.35,200,91120
20221118,11:18:41,1.40,800,91120
20221118,11:18:50,1.40,320,91120
20221118,11:18:55,1.40,40,91120
20221118,11:18:59,1.35,1560,91120
20221118,11:19:04,1.30,240,91120
20221118,11:19:08,1.30,40,91120
20221118,11:19:33,1.35,360,91120
20221118,11:19:37,1.35,400,91120
20221118,11:19:40,1.35,120,91120
20221118,11:19:44,1.35,160,91120
20221118,11:19:49,1.35,280,91120
20221118,11:19:57,1.35,40,91120
20221118,11:20:01,1.40,520,91120
20221118,11:20:05,1.40,280,91120
20221118,11:20:14,1.40,320,91120
20221118,11:20:18,1.35,80,91120
20221118,11:20:22,1.45,1720,91120
20221118,11:20:30,1.40,40,91120
20221118,11:20:39,1.30,120,91120
20221118,11:20:52,1.30,360,88640
20221118,11:21:23,1.30,1400,88640
20221118,11:21:27,1.30,240,88640
20221118,11:21:35,1.35,160,88640
20221118,11:21:39,1.30,120,88640
20221118,11:22:03,1.35,120,88640
20221118,11:22:07,1.35,320,88640
20221118,11:22:11,1.35,40,88640
20221118,11:22:15,1.35,40,88640
20221118,11:22:20,1.35,40,88640
20221118,11:22:41,1.35,160,88640
20221118,11:22:45,1.35,40,88640
20221118,11:22:49,1.40,600,88640
20221118,11:23:22,1.35,1320,88640
20221118,11:23:25,1.30,200,88640
20221118,11:24:53,1.35,240,87440
20221118,11:25:09,1.35,160,87440
20221118,11:25:13,1.40,360,87440
20221118,11:26:09,1.35,120,87440
20221118,11:26:13,1.40,120,87440
20221118,11:26:37,1.40,200,87440
20221118,11:26:41,1.35,40,87440
20221118,11:27:00,1.35,40,87480
20221118,11:28:19,1.40,120,87480
20221118,11:28:32,1.35,80,87480
20221118,11:28:51,1.40,40,87480
20221118,11:30:41,1.40,120,87560
20221118,11:30:57,1.40,120,87560
20221118,11:31:18,1.35,120,87560
20221118,11:31:38,1.40,40,87560
20221118,11:32:37,1.30,120,87560
20221118,11:32:41,1.35,40,87560
20221118,11:32:44,1.35,160,87560
20221118,11:32:51,1.35,40,87440
20221118,11:32:55,1.40,1360,87440
20221118,11:33:06,1.40,280,87440
20221118,11:33:10,1.45,440,87440
20221118,11:33:21,1.35,760,87440
20221118,11:33:24,1.40,600,87440
20221118,11:33:28,1.40,480,87440
20221118,11:33:32,1.40,40,87440
20221118,11:33:36,1.40,280,87440
20221118,11:33:40,1.40,240,87440
20221118,11:33:51,1.40,1640,87440
20221118,11:34:20,1.45,80,87440
20221118,11:34:31,1.40,400,87440
20221118,11:34:35,1.40,80,87440
20221118,11:34:42,1.45,40,87440
20221118,11:34:48,1.45,640,87440
20221118,11:35:02,1.40,1680,87440
20221118,11:35:17,1.40,240,87440
20221118,11:35:24,1.35,560,87440
20221118,11:35:51,1.35,40,88480
20221118,11:35:59,1.40,120,88480
20221118,11:36:03,1.40,40,88480
20221118,11:36:06,1.40,200,88480
20221118,11:36:10,1.40,80,88480
20221118,11:36:14,1.40,120,88480
20221118,11:36:30,1.40,40,88480
20221118,11:36:34,1.45,40,88480
20221118,11:36:37,1.40,40,88480
20221118,11:36:41,1.45,80,88480
20221118,11:36:56,1.40,40,88480
20221118,11:37:15,1.40,40,88480
20221118,11:37:38,1.40,40,88480
20221118,11:37:43,1.40,40,88480
20221118,11:37:55,1.40,80,88480
20221118,11:38:03,1.40,40,88480
20221118,11:38:27,1.40,160,88480
20221118,11:38:49,1.45,40,88480
20221118,11:39:12,1.45,120,88760
20221118,11:39:23,1.45,200,88760
20221118,11:39:30,1.40,40,88760
20221118,11:39:34,1.40,40,88760
20221118,11:39:37,1.40,160,88760
20221118,11:40:10,1.45,560,88760
20221118,11:40:14,1.45,40,88760
20221118,11:40:26,1.45,560,88760
20221118,11:40:34,1.45,600,88760
20221118,11:40:38,1.45,40,88760
20221118,11:40:42,1.50,5400,88760
20221118,11:40:46,1.50,40,88760
20221118,11:40:57,1.50,240,88760
20221118,11:41:01,1.50,40,88760
20221118,11:41:04,1.50,40,88760
20221118,11:41:08,1.55,880,88760
20221118,11:41:24,1.55,80,88760
20221118,11:41:32,1.55,520,88760
20221118,11:41:44,1.50,40,88760
20221118,11:41:52,1.50,120,96160
20221118,11:41:56,1.50,160,96160
20221118,11:42:00,1.45,320,96160
20221118,11:42:04,1.45,80,96160
20221118,11:42:08,1.50,160,96160
20221118,11:42:13,1.45,200,96160
20221118,11:42:54,1.50,40,96160
20221118,11:43:07,1.50,120,96160
20221118,11:43:23,1.50,40,96160
20221118,11:43:32,1.50,240,96160
20221118,11:43:36,1.45,240,96160
20221118,11:43:50,1.50,120,96160
20221118,11:44:04,1.50,1120,96160
20221118,11:44:13,1.45,280,96160
20221118,11:44:17,1.45,400,96160
20221118,11:44:26,1.50,240,96160
20221118,11:44:50,1.40,600,96160
20221118,11:45:02,1.40,120,94840
20221118,11:45:20,1.40,1800,94840
20221118,11:45:29,1.40,120,94840
20221118,11:45:54,1.45,1960,94840
20221118,11:45:57,1.55,480,94840
20221118,11:46:01,1.50,880,94840
20221118,11:46:09,1.50,40,94840
20221118,11:46:23,1.50,80,94840
20221118,11:46:35,1.50,40,94840
20221118,11:46:43,1.40,40,94840
20221118,11:46:47,1.45,80,94840
20221118,11:46:51,1.40,80,94840
20221118,11:46:58,1.40,80,94840
20221118,11:47:14,1.40,80,94840
20221118,11:47:21,1.40,160,94840
20221118,11:47:55,1.40,160,96560
20221118,11:47:59,1.45,80,96560
20221118,11:48:10,1.40,40,96560
20221118,11:48:44,1.35,520,96560
20221118,11:48:48,1.45,1160,96560
20221118,11:48:52,1.45,40,96560
20221118,11:48:55,1.40,800,96560
20221118,11:48:58,1.40,1160,96560
20221118,11:49:02,1.40,40,96560
20221118,11:49:15,1.40,920,96560
20221118,11:49:20,1.40,160,96560
20221118,11:49:24,1.35,120,96560
20221118,11:49:35,1.35,40,96560
20221118,11:49:39,1.35,40,96560
20221118,11:49:42,1.35,200,96560
20221118,11:49:53,1.35,40,96560
20221118,11:50:04,1.35,160,96560
20221118,11:50:08,1.35,40,96560
20221118,11:50:12,1.35,40,96560
20221118,11:50:24,1.45,200,96560
20221118,11:50:28,1.30,2840,96560
20221118,11:50:50,1.40,480,96560
20221118,11:50:54,1.35,80,94400
20221118,11:50:57,1.50,25720,94400
20221118,11:51:01,1.50,1000,94400
20221118,11:51:04,1.50,4000,94400
20221118,11:51:22,1.50,360,94400
20221118,11:51:26,1.50,2840,94400
20221118,11:51:41,1.50,80,94400
20221118,11:51:48,1.55,80,94400
20221118,11:51:51,1.60,480,94400
20221118,11:51:55,1.60,240,94400
20221118,11:51:59,1.50,320,94400
20221118,11:52:03,1.55,320,94400
20221118,11:52:14,1.50,3360,94400
20221118,11:52:18,1.50,2240,94400
20221118,11:52:22,1.50,1640,94400
20221118,11:52:30,1.60,360,94400
20221118,11:52:34,1.50,80,94400
20221118,11:52:55,1.45,120,94400
20221118,11:53:05,1.60,120,94400
20221118,11:53:19,1.50,520,94400
20221118,11:54:07,1.50,3160,72080
20221118,11:54:11,1.55,80,72080
20221118,11:54:18,1.50,640,72080
20221118,11:54:22,1.60,120,72080
20221118,11:54:25,1.50,40,72080
20221118,11:55:29,1.55,40,72080
20221118,11:55:48,1.50,1520,72080
20221118,11:55:56,1.50,40,72080
20221118,11:55:59,1.65,360,72080
20221118,11:56:03,1.65,480,72080
20221118,11:56:57,1.65,600,73400
20221118,11:57:44,1.50,80,73400
20221118,11:57:55,1.55,80,73400
20221118,11:57:59,1.55,1160,73400
20221118,11:58:13,1.65,200,73400
20221118,11:58:39,1.60,40,73400
20221118,11:58:45,1.55,240,73400
20221118,11:58:49,1.55,80,73400
20221118,11:58:57,1.55,1680,73400
20221118,11:59:04,1.55,280,73400
20221118,11:59:12,1.60,80,73400
20221118,11:59:16,1.60,120,73400
20221118,11:59:20,1.60,200,73400
20221118,11:59:23,1.55,320,73400
20221118,11:59:27,1.60,200,73400
20221118,11:59:34,1.60,120,73400
20221118,11:59:37,1.55,80,73400
20221118,11:59:45,1.55,760,73400
20221118,11:59:48,1.55,480,73400
20221118,11:59:51,1.55,160,73400
20221118,11:59:55,1.55,120,70040
20221118,12:00:06,1.60,240,70040
20221118,12:00:10,1.55,360,70040
20221118,12:00:13,1.60,120,70040
20221118,12:00:21,1.55,400,70040
20221118,12:00:25,1.55,80,70040
20221118,12:00:30,1.55,200,70040
20221118,12:00:38,1.55,280,70040
20221118,12:00:56,1.50,960,70040
20221118,12:01:00,1.55,240,70040
20221118,12:01:05,1.55,160,70040
20221118,12:01:09,1.50,160,70040
20221118,12:01:20,1.60,160,70040
20221118,12:01:24,1.60,160,70040
20221118,12:01:28,1.60,160,70040
20221118,12:01:32,1.60,40,70040
20221118,12:01:35,1.60,160,70040
20221118,12:01:43,1.60,80,70040
20221118,12:01:47,1.65,320,70040
20221118,12:01:52,1.65,160,70040
20221118,12:01:55,1.55,80,70040
20221118,12:02:02,1.55,160,70040
20221118,12:02:12,1.65,40,70040
20221118,12:02:20,1.60,200,70040
20221118,12:02:23,1.65,120,70040
20221118,12:02:27,1.60,160,70040
20221118,12:02:31,1.65,40,70040
20221118,12:02:35,1.65,120,70040
20221118,12:02:38,1.65,200,70040
20221118,12:02:42,1.65,200,70040
20221118,12:02:46,1.60,760,70040
20221118,12:02:49,1.60,320,70040
20221118,12:02:53,1.60,880,70040
20221118,12:02:57,1.55,120,68240
20221118,12:03:14,1.55,120,68240
20221118,12:03:18,1.55,400,68240
20221118,12:03:22,1.55,80,68240
20221118,12:03:26,1.55,1640,68240
20221118,12:03:30,1.55,80,68240
20221118,12:03:34,1.55,160,68240
20221118,12:05:28,1.50,80,68240
20221118,12:05:35,1.50,280,68240
20221118,12:05:38,1.45,400,68240
20221118,12:05:45,1.50,160,68240
20221118,12:05:49,1.50,80,68240
20221118,12:05:57,1.50,80,65720
20221118,12:06:09,1.45,800,65720
20221118,12:06:31,1.40,40,65720
20221118,12:06:42,1.40,800,65720
20221118,12:07:10,1.40,80,65720
20221118,12:07:14,1.40,40,65720
20221118,12:07:37,1.50,1200,65720
20221118,12:07:43,1.45,80,65720
20221118,12:07:49,1.45,40,65720
20221118,12:08:06,1.45,240,65720
20221118,12:08:15,1.35,160,65720
20221118,12:08:25,1.45,1560,65720
20221118,12:08:29,1.55,3320,65720
20221118,12:08:33,1.55,40,65720
20221118,12:08:40,1.55,880,65720
20221118,12:08:44,1.50,40,65720
20221118,12:08:48,1.50,40,65720
20221118,12:08:51,1.50,40,65720
20221118,12:09:14,1.50,240,71840
20221118,12:09:18,1.50,160,71840
20221118,12:09:21,1.55,80,71840
20221118,12:09:25,1.50,320,71840
20221118,12:09:45,1.50,1040,71840
20221118,12:09:49,1.55,200,71840
20221118,12:09:52,1.60,720,71840
20221118,12:09:59,1.55,480,71840
20221118,12:10:06,1.65,3200,71840
20221118,12:10:09,1.70,800,71840
20221118,12:10:16,1.65,400,71840
20221118,12:10:29,1.70,320,71840
20221118,12:10:33,1.60,160,71840
20221118,12:10:43,1.65,120,71840
20221118,12:10:51,1.60,80,71840
20221118,12:10:54,1.60,440,71840
20221118,12:11:08,1.60,360,71840
20221118,12:11:15,1.65,40,71840
20221118,12:11:19,1.65,40,71840
20221118,12:11:22,1.60,760,71840
20221118,12:11:26,1.60,80,71840
20221118,12:11:39,1.60,80,71840
20221118,12:11:55,1.60,1360,71840
20221118,12:12:42,1.65,40,76840
20221118,12:14:13,1.65,40,76840
20221118,12:14:17,1.75,800,76840
20221118,12:14:37,1.70,240,76840
20221118,12:14:51,1.65,2000,76840
20221118,12:14:55,1.65,520,76840
20221118,12:15:08,1.65,120,75480
20221118,12:15:12,1.65,80,75480
20221118,12:15:23,1.70,120,75480
20221118,12:15:43,1.70,240,75480
20221118,12:16:06,1.70,800,75480
20221118,12:16:20,1.70,40,75480
20221118,12:16:24,1.70,880,75480
20221118,12:16:27,1.70,40,75480
20221118,12:16:31,1.70,80,75480
20221118,12:17:25,1.75,640,75480
20221118,12:17:36,1.70,40,75480
20221118,12:18:10,1.75,200,76640
20221118,12:18:13,1.70,80,76640
20221118,12:18:32,1.70,800,76640
20221118,12:19:18,1.70,120,76640
20221118,12:19:21,1.70,480,76640
20221118,12:19:44,1.70,720,76640
20221118,12:20:00,1.70,560,76640
20221118,12:20:39,1.70,240,76640
20221118,12:21:09,1.75,800,76640
20221118,12:21:32,1.70,440,75480
20221118,12:22:11,1.65,120,75480
20221118,12:22:19,1.65,160,75480
20221118,12:22:22,1.65,480,75480
20221118,12:23:25,1.70,40,75480
20221118,12:23:53,1.65,240,75480
20221118,12:23:56,1.65,160,75480
20221118,12:25:43,1.60,160,74240
20221118,12:25:50,1.60,40,74240
20221118,12:26:00,1.60,40,74240
20221118,12:27:20,1.50,480,74160
20221118,12:27:24,1.45,560,74160
20221118,12:27:30,1.45,2360,74160
20221118,12:27:34,1.45,40,74160
20221118,12:27:43,1.45,880,74160
20221118,12:27:47,1.50,1280,74160
20221118,12:27:54,1.45,720,74160
20221118,12:27:58,1.45,40,74160
20221118,12:28:05,1.50,640,74160
20221118,12:28:12,1.50,40,74160
20221118,12:28:15,1.50,1280,74160
20221118,12:28:19,1.55,120,74160
20221118,12:28:23,1.60,120,74160
20221118,12:28:40,1.50,1280,74160
20221118,12:28:47,1.55,480,74160
20221118,12:29:05,1.50,80,74160
20221118,12:29:08,1.50,40,74160
20221118,12:29:11,1.45,40,74160
20221118,12:29:15,1.45,40,74160
20221118,12:29:18,1.50,240,74160
20221118,12:30:18,1.55,320,74840
20221118,12:30:54,1.50,40,74840
20221118,12:31:42,1.55,360,74840
20221118,12:31:53,1.50,240,74840
20221118,12:32:08,1.50,40,74840
20221118,12:32:41,1.45,1040,74840
20221118,12:33:29,1.45,40,74120
20221118,12:33:53,1.45,160,74120
20221118,12:33:56,1.45,80,74120
20221118,12:35:49,1.45,40,74120
20221118,12:35:56,1.45,40,74120
20221118,12:36:52,1.50,200,74280
20221118,12:37:03,1.50,600,74280
20221118,12:37:55,1.50,120,74280
20221118,12:37:59,1.50,80,74280
20221118,12:38:18,1.55,240,74280
20221118,12:38:29,1.55,80,74280
20221118,12:38:36,1.55,120,74280
20221118,12:40:15,1.55,2840,75320
20221118,12:40:21,1.50,120,75320
20221118,12:40:33,1.50,160,75320
20221118,12:41:17,1.50,80,75320
20221118,12:42:25,1.50,40,75200
20221118,12:42:31,1.55,80,75200
20221118,12:42:35,1.55,40,75200
20221118,12:42:38,1.55,40,75200
20221118,12:42:42,1.55,80,75200
20221118,12:43:29,1.50,40,75200
20221118,12:48:05,1.50,280,75440
20221118,12:48:09,1.50,80,75440
20221118,12:48:13,1.45,40,75440
20221118,12:48:26,1.50,40,75440
20221118,12:48:33,1.50,800,75440
20221118,12:48:42,1.55,280,75440
20221118,12:48:47,1.55,680,75440
20221118,12:48:51,1.55,40,75440
20221118,12:48:56,1.55,120,75440
20221118,12:49:12,1.60,120,75440
20221118,12:49:17,1.55,40,75440
20221118,12:49:32,1.60,120,75440
20221118,12:50:13,1.55,280,75440
20221118,12:51:02,1.55,2080,75440
20221118,12:51:10,1.60,400,75800
20221118,12:51:14,1.55,400,75800
20221118,12:51:18,1.55,80,75800
20221118,12:51:25,1.60,80,75800
20221118,12:51:33,1.60,320,75800
20221118,12:51:36,1.60,400,75800
20221118,12:51:52,1.60,80,75800
20221118,12:51:59,1.60,40,75800
20221118,12:52:22,1.60,1120,75800
20221118,12:52:30,1.60,160,75800
20221118,12:53:44,1.60,40,75800
20221118,12:53:55,1.60,240,75800
20221118,12:54:22,1.60,80,76320
20221118,12:54:29,1.50,80,76320
20221118,12:55:01,1.60,240,76320
20221118,12:55:27,1.60,440,76320
20221118,12:56:16,1.60,160,76320
20221118,12:56:23,1.65,240,76320
20221118,12:56:26,1.60,240,76320
20221118,12:56:38,1.65,160,76320
20221118,12:57:21,1.55,360,77280
20221118,12:57:38,1.60,80,77280
20221118,12:57:41,1.60,80,77280
20221118,12:57:45,1.65,120,77280
20221118,12:57:48,1.65,680,77280
20221118,12:57:51,1.60,40,77280
20221118,12:57:55,1.65,200,77280
20221118,12:58:02,1.60,1480,77280
20221118,12:58:16,1.65,360,77280
20221118,12:58:20,1.60,160,77280
20221118,12:58:37,1.65,40,77280
20221118,12:58:41,1.65,40,77280
20221118,12:59:01,1.60,80,77280
20221118,12:59:31,1.65,480,77280
20221118,12:59:46,1.60,40,77280
20221118,13:02:06,1.65,480,79160
20221118,13:02:10,1.60,40,79160
20221118,13:02:14,1.60,40,79160
20221118,13:02:18,1.60,40,79160
20221118,13:02:22,1.60,240,79160
20221118,13:02:26,1.60,160,79160
20221118,13:02:34,1.60,80,79160
20221118,13:04:53,1.65,40,78240
20221118,13:05:40,1.60,80,78240
20221118,13:05:44,1.55,240,78240
20221118,13:05:48,1.65,40,78240
20221118,13:05:58,1.60,1720,78240
20221118,13:06:02,1.60,840,78240
20221118,13:06:06,1.65,40,78280
20221118,13:06:24,1.55,640,78280
20221118,13:06:35,1.55,1840,78280
20221118,13:06:45,1.55,360,78280
20221118,13:07:10,1.55,200,78280
20221118,13:07:18,1.55,120,78280
20221118,13:07:21,1.55,600,78280
20221118,13:07:39,1.55,240,78280
20221118,13:07:43,1.50,880,78280
20221118,13:07:46,1.60,640,78280
20221118,13:07:54,1.60,280,78280
20221118,13:08:01,1.60,280,78280
20221118,13:08:06,1.60,120,78280
20221118,13:08:23,1.60,40,78280
20221118,13:08:27,1.65,80,78280
20221118,13:08:30,1.60,40,78280
20221118,13:08:34,1.60,40,78280
20221118,13:08:41,1.60,40,78280
20221118,13:08:44,1.60,40,78280
20221118,13:08:58,1.65,720,78280
20221118,13:09:02,1.65,80,78280
20221118,13:09:05,1.70,280,78280
20221118,13:09:09,1.70,1240,77640
20221118,13:10:30,1.60,160,77640
20221118,13:10:54,1.60,40,77640
20221118,13:11:26,1.60,40,77640
20221118,13:12:36,1.65,520,77440
20221118,13:12:40,1.65,560,77440
20221118,13:12:43,1.65,80,77440
20221118,13:13:08,1.65,40,77440
20221118,13:13:11,1.60,40,77440
20221118,13:13:25,1.65,40,77440
20221118,13:14:00,1.55,120,77440
20221118,13:14:35,1.65,40,77440
20221118,13:14:38,1.60,400,77440
20221118,13:16:15,1.60,40,77160
20221118,13:16:19,1.65,40,77160
20221118,13:16:38,1.65,80,77160
20221118,13:16:46,1.65,40,77160
20221118,13:17:06,1.65,40,77160
20221118,13:17:17,1.65,40,77160
20221118,13:17:21,1.65,920,77160
20221118,13:17:25,1.65,120,77160
20221118,13:17:28,1.60,800,77160
20221118,13:17:39,1.70,80,77160
20221118,13:17:46,1.65,120,77160
20221118,13:17:50,1.65,40,77160
20221118,13:18:14,1.65,120,76960
20221118,13:18:55,1.55,120,76960
20221118,13:18:58,1.60,880,76960
20221118,13:19:01,1.60,40,76960
20221118,13:19:52,1.50,360,76960
20221118,13:20:17,1.55,400,76960
20221118,13:20:21,1.55,80,76960
20221118,13:22:27,1.55,480,76360
20221118,13:22:45,1.60,40,76360
20221118,13:24:14,1.60,480,76280
20221118,13:24:58,1.50,320,76280
20221118,13:25:15,1.55,40,76280
20221118,13:26:49,1.55,1720,76280
20221118,13:27:02,1.65,80,76280
20221118,13:27:06,1.55,400,76280
20221118,13:27:21,1.60,40,75720
20221118,13:28:28,1.60,40,75720
20221118,13:29:22,1.60,480,75720
20221118,13:30:39,1.55,120,75720
20221118,13:31:09,1.60,680,75720
20221118,13:31:54,1.60,120,75720
20221118,13:32:26,1.55,240,75720
20221118,13:32:30,1.65,120,75720
20221118,13:33:00,1.65,40,75720
20221118,13:33:04,1.65,120,75720
20221118,13:33:07,1.65,80,75720
20221118,13:33:11,1.65,120,75880
20221118,13:33:22,1.70,120,75880
20221118,13:33:29,1.65,40,75880
20221118,13:33:57,1.65,120,75880
20221118,13:34:25,1.65,80,75880
20221118,13:34:56,1.65,120,75880
20221118,13:34:59,1.70,320,75880
20221118,13:35:03,1.70,400,75880
20221118,13:35:14,1.70,80,75880
20221118,13:36:37,1.65,200,75400
20221118,13:36:45,1.65,680,75400
20221118,13:37:33,1.65,40,75400
20221118,13:37:39,1.60,160,75400
20221118,13:37:42,1.60,40,75400
20221118,13:37:46,1.60,200,75400
20221118,13:37:50,1.60,40,75400
20221118,13:38:04,1.65,440,75400
20221118,13:38:08,1.65,40,75400
20221118,13:38:33,1.65,320,75400
20221118,13:38:36,1.60,120,75400
20221118,13:38:58,1.65,160,75400
20221118,13:39:01,1.60,120,75400
20221118,13:40:06,1.65,160,74320
20221118,13:40:10,1.75,4600,74320
20221118,13:40:15,1.70,40,74320
20221118,13:40:32,1.70,320,74320
20221118,13:40:46,1.75,480,74320
20221118,13:40:55,1.65,40,74320
20221118,13:40:59,1.70,80,74320
20221118,13:41:05,1.70,200,74320
20221118,13:41:10,1.70,120,74320
20221118,13:41:27,1.65,40,74320
20221118,13:41:35,1.65,40,74320
20221118,13:42:07,1.60,160,74320
20221118,13:42:20,1.60,840,76320
20221118,13:42:24,1.65,320,76320
20221118,13:42:35,1.60,2600,76320
20221118,13:42:39,1.60,520,76320
20221118,13:42:43,1.60,120,76320
20221118,13:42:58,1.65,1200,76320
20221118,13:43:02,1.60,360,76320
20221118,13:43:06,1.60,320,76320
20221118,13:43:14,1.50,360,76320
20221118,13:43:19,1.55,440,76320
20221118,13:43:23,1.55,280,76320
20221118,13:43:27,1.60,400,76320
20221118,13:43:32,1.60,2360,76320
20221118,13:43:37,1.65,560,76320
20221118,13:43:41,1.65,720,76320
20221118,13:43:46,1.65,560,76320
20221118,13:43:50,1.50,160,76320
20221118,13:43:59,1.55,1640,76320
20221118,13:44:04,1.60,880,76320
20221118,13:44:08,1.60,1160,76320
20221118,13:44:12,1.60,400,76320
20221118,13:44:18,1.55,720,76320
20221118,13:44:28,1.55,80,76320
20221118,13:44:37,1.55,360,76320
20221118,13:44:42,1.55,40,76320
20221118,13:44:47,1.60,560,76320
20221118,13:44:52,1.60,480,76320
20221118,13:45:01,1.60,240,76320
20221118,13:45:10,1.60,120,76320
20221118,13:45:14,1.60,920,69200
20221118,13:45:19,1.55,200,69200
20221118,13:45:28,1.60,1040,69200
20221118,13:45:32,1.55,760,69200
20221118,13:45:36,1.55,120,69200
20221118,13:45:49,1.55,480,69200
20221118,13:45:53,1.60,120,69200
20221118,13:45:57,1.60,400,69200
20221118,13:46:01,1.60,400,69200
20221118,13:46:05,1.60,200,69200
20221118,13:46:10,1.60,40,69200
20221118,13:46:14,1.60,120,69200
20221118,13:46:18,1.60,80,69200
20221118,13:46:22,1.60,120,69200
20221118,13:46:27,1.60,160,69200
20221118,13:46:31,1.60,720,69200
20221118,13:46:35,1.60,120,69200
20221118,13:46:39,1.60,40,69200
20221118,13:46:43,1.65,40,69200
20221118,13:46:47,1.65,40,69200
20221118,13:47:03,1.60,160,69200
20221118,13:47:29,1.60,160,69200
20221118,13:47:33,1.60,80,69200
20221118,13:47:51,1.65,480,69200
20221118,13:47:55,1.70,2000,69200
20221118,13:48:00,1.80,560,69200
20221118,13:48:04,1.70,40,69200
20221118,13:48:08,1.70,160,69200
20221118,13:48:12,1.65,160,69200
20221118,13:48:16,1.70,80,68760
20221118,13:49:25,1.70,520,68760
20221118,13:49:29,1.70,240,68760
20221118,13:49:33,1.70,80,68760
20221118,13:49:37,1.70,240,68760
20221118,13:49:41,1.75,80,68760
20221118,13:49:58,1.75,200,68760
20221118,13:50:21,1.70,40,68760
20221118,13:50:53,1.75,600,68760
20221118,13:51:05,1.70,40,68760
20221118,13:51:16,1.80,1480,69080
20221118,13:51:20,1.80,440,69080
20221118,13:51:24,1.70,880,69080
20221118,13:51:34,1.70,80,69080
20221118,13:51:45,1.70,80,69080
20221118,13:51:52,1.70,560,69080
20221118,13:51:56,1.70,40,69080
20221118,13:51:59,1.70,280,69080
20221118,13:52:06,1.70,40,69080
20221118,13:52:10,1.70,40,69080
20221118,13:52:14,1.75,80,69080
20221118,13:52:18,1.70,40,69080
20221118,13:52:22,1.70,40,69080
20221118,13:52:25,1.70,40,69080
20221118,13:52:29,1.75,240,69080
20221118,13:52:33,1.75,440,69080
20221118,13:52:36,1.70,40,69080
20221118,13:52:47,1.75,480,69080
20221118,13:52:58,1.70,40,69080
20221118,13:53:14,1.70,320,69080
20221118,13:53:30,1.65,40,69080
20221118,13:54:15,1.65,120,67240
20221118,13:54:20,1.65,320,67240
20221118,13:54:48,1.70,200,67240
20221118,13:56:21,1.75,80,67240
20221118,13:56:35,1.70,80,67240
20221118,13:57:11,1.70,40,67240
20221118,13:57:20,1.75,1640,67240
20221118,13:57:25,1.75,480,67240
20221118,13:57:29,1.70,1400,67240
20221118,13:57:34,1.70,80,67240
20221118,13:57:38,1.70,240,67240
20221118,13:58:26,1.70,840,67240
20221118,13:58:30,1.70,1680,67240
20221118,13:58:35,1.70,40,67240
20221118,13:58:39,1.70,160,67240
20221118,13:58:43,1.65,360,67240
20221118,13:58:47,1.70,40,67240
20221118,13:59:26,1.65,200,67240
20221118,13:59:47,1.70,880,67240
20221118,13:59:51,1.70,200,67240
20221118,13:59:58,1.70,1120,67240
20221118,14:00:24,1.70,520,66560
20221118,14:00:48,1.70,40,66560
20221118,14:00:57,1.80,840,66560
20221118,14:01:01,1.80,320,66560
20221118,14:01:09,1.80,40,66560
20221118,14:01:17,1.80,120,66560
20221118,14:01:25,1.75,200,66560
20221118,14:02:10,1.75,80,66560
20221118,14:02:25,1.80,40,66560
20221118,14:02:29,1.80,200,66560
20221118,14:02:33,1.80,40,66560
20221118,14:02:42,1.70,1720,66560
20221118,14:03:08,1.70,600,66560
20221118,14:03:31,1.65,80,67000
20221118,14:03:40,1.65,120,67000
20221118,14:04:10,1.65,680,67000
20221118,14:04:31,1.65,80,67000
20221118,14:04:46,1.65,80,67000
20221118,14:06:06,1.60,80,67000
20221118,14:06:13,1.65,40,67000
20221118,14:06:36,1.65,80,67360
20221118,14:06:53,1.65,40,67360
20221118,14:07:19,1.65,80,67360
20221118,14:07:22,1.65,40,67360
20221118,14:07:26,1.65,160,67360
20221118,14:07:30,1.60,160,67360
20221118,14:07:55,1.65,1240,67360
20221118,14:08:17,1.65,560,67360
20221118,14:08:21,1.70,40,67360
20221118,14:08:29,1.70,400,67360
20221118,14:08:53,1.65,3320,67360
20221118,14:09:18,1.65,80,67360
20221118,14:10:02,1.65,1840,67240
20221118,14:10:11,1.65,40,67240
20221118,14:10:47,1.65,40,67240
20221118,14:11:37,1.65,40,67240
20221118,14:12:04,1.65,80,67240
20221118,14:12:09,1.70,1480,67240
20221118,14:13:28,1.65,160,68760
20221118,14:13:31,1.65,160,68760
20221118,14:13:35,1.65,320,68760
20221118,14:13:43,1.65,40,68760
20221118,14:13:48,1.65,40,68760
20221118,14:14:23,1.70,320,68760
20221118,14:14:30,1.65,680,68760
20221118,14:14:34,1.65,360,68760
20221118,14:14:39,1.65,40,68760
20221118,14:14:50,1.65,160,68760
20221118,14:14:57,1.65,600,68760
20221118,14:15:01,1.65,280,68760
20221118,14:15:05,1.65,1480,68760
20221118,14:15:09,1.65,240,68760
20221118,14:15:13,1.60,40,68760
20221118,14:15:17,1.60,200,68760
20221118,14:15:21,1.60,120,67760
20221118,14:15:25,1.60,40,67760
20221118,14:15:28,1.60,40,67760
20221118,14:15:32,1.60,520,67760
20221118,14:15:36,1.60,160,67760
20221118,14:15:40,1.60,1680,67760
20221118,14:15:47,1.60,160,67760
20221118,14:15:50,1.55,560,67760
20221118,14:16:01,1.60,1520,67760
20221118,14:16:05,1.60,40,67760
20221118,14:16:09,1.55,80,67760
20221118,14:16:36,1.65,640,67760
20221118,14:16:45,1.55,240,67760
20221118,14:16:49,1.55,360,67760
20221118,14:16:57,1.55,600,67760
20221118,14:17:52,1.50,80,67760
20221118,14:17:55,1.60,1080,67760
20221118,14:18:09,1.60,320,67760
20221118,14:18:13,1.60,120,67760
20221118,14:18:16,1.60,120,67760
20221118,14:18:21,1.60,120,64640
20221118,14:19:22,1.55,1240,64640
20221118,14:19:25,1.50,160,64640
20221118,14:19:35,1.55,1040,64640
20221118,14:19:46,1.60,120,64640
20221118,14:19:50,1.60,120,64640
20221118,14:20:00,1.60,200,64640
20221118,14:20:04,1.55,920,64640
20221118,14:20:07,1.60,360,64640
20221118,14:20:30,1.50,600,64640
20221118,14:20:37,1.50,40,64640
20221118,14:21:14,1.45,80,64640
20221118,14:21:18,1.50,40,64640
20221118,14:21:32,1.50,320,63720
20221118,14:21:35,1.50,160,63720
20221118,14:22:37,1.50,400,63720
20221118,14:22:41,1.50,240,63720
20221118,14:22:44,1.50,160,63720
20221118,14:23:31,1.55,80,63720
20221118,14:23:57,1.55,960,63720
20221118,14:24:31,1.50,240,62760
20221118,14:24:36,1.50,720,62760
20221118,14:24:41,1.50,1040,62760
20221118,14:24:46,1.50,160,62760
20221118,14:25:04,1.55,1000,62760
20221118,14:25:09,1.55,40,62760
20221118,14:25:14,1.55,640,62760
20221118,14:25:19,1.55,520,62760
20221118,14:25:46,1.50,280,62760
20221118,14:25:51,1.50,80,62760
20221118,14:26:20,1.50,1120,62760
20221118,14:26:33,1.55,760,62760
20221118,14:26:37,1.50,40,62760
20221118,14:26:42,1.55,1120,62760
20221118,14:26:46,1.55,320,62760
20221118,14:26:50,1.55,80,62760
20221118,14:27:15,1.55,120,62760
20221118,14:27:19,1.60,1880,62760
20221118,14:27:29,1.60,200,60720
20221118,14:27:38,1.60,480,60720
20221118,14:27:42,1.60,240,60720
20221118,14:27:47,1.65,40,60720
20221118,14:27:51,1.60,40,60720
20221118,14:28:04,1.65,80,60720
20221118,14:28:49,1.60,40,60720
20221118,14:28:53,1.65,40,60720
20221118,14:29:01,1.65,280,60720
20221118,14:29:05,1.65,80,60720
20221118,14:29:09,1.65,40,60720
20221118,14:29:18,1.60,120,60720
20221118,14:29:22,1.70,40,60720
20221118,14:29:26,1.60,40,60720
20221118,14:29:31,1.60,160,60720
20221118,14:29:41,1.65,120,60720
20221118,14:29:46,1.65,80,60720
20221118,14:29:51,1.70,80,60720
20221118,14:30:14,1.65,80,60720
20221118,14:30:22,1.65,40,60720
20221118,14:30:27,1.70,40,59560
20221118,14:30:31,1.65,80,59560
20221118,14:30:39,1.65,80,59560
20221118,14:31:01,1.65,40,59560
20221118,14:31:05,1.60,80,59560
20221118,14:31:10,1.60,200,59560
20221118,14:31:27,1.65,40,59560
20221118,14:31:39,1.65,120,59560
20221118,14:31:47,1.70,400,59560
20221118,14:31:52,1.65,40,59560
20221118,14:31:57,1.65,120,59560
20221118,14:32:01,1.65,760,59560
20221118,14:32:05,1.70,40,59560
20221118,14:32:09,1.70,40,59560
20221118,14:32:14,1.70,40,59560
20221118,14:32:22,1.70,120,59560
20221118,14:32:26,1.70,320,59560
20221118,14:32:30,1.70,40,59560
20221118,14:33:32,1.65,40,59600
20221118,14:33:36,1.65,80,59600
20221118,14:33:41,1.65,680,59600
20221118,14:34:06,1.60,120,59600
20221118,14:34:23,1.60,80,59600
20221118,14:34:27,1.60,280,59600
20221118,14:35:03,1.60,240,59600
20221118,14:35:14,1.60,320,59600
20221118,14:35:23,1.60,640,59600
20221118,14:35:27,1.55,360,59600
20221118,14:35:31,1.55,520,59600
20221118,14:35:35,1.55,680,59600
20221118,14:35:39,1.50,200,59600
20221118,14:35:43,1.55,680,59600
20221118,14:35:52,1.55,800,59600
20221118,14:35:56,1.55,80,59600
20221118,14:36:00,1.50,40,59600
20221118,14:36:04,1.50,80,59600
20221118,14:37:16,1.55,80,57760
20221118,14:37:20,1.55,240,57760
20221118,14:37:29,1.55,480,57760
20221118,14:38:09,1.50,600,57760
20221118,14:38:13,1.60,40,57760
20221118,14:38:21,1.55,80,57760
20221118,14:38:25,1.45,200,57760
20221118,14:38:29,1.50,120,57760
20221118,14:38:33,1.55,200,57760
20221118,14:39:20,1.55,520,57760
20221118,14:39:25,1.55,320,58440
20221118,14:39:29,1.55,120,58440
20221118,14:39:35,1.55,440,58440
20221118,14:39:50,1.50,40,58440
20221118,14:41:54,1.50,40,58440
20221118,14:41:58,1.55,120,58440
20221118,14:42:03,1.55,40,58440
20221118,14:42:07,1.55,40,58440
20221118,14:42:12,1.50,360,58440
20221118,14:42:20,1.45,360,58440
20221118,14:42:42,1.45,360,57920
20221118,14:43:00,1.45,360,57920
20221118,14:43:45,1.45,360,57920
20221118,14:43:54,1.45,200,57920
20221118,14:44:07,1.45,80,57920
20221118,14:44:11,1.45,40,57920
20221118,14:44:15,1.50,40,57920
20221118,14:44:28,1.45,800,57920
20221118,14:44:40,1.40,80,57920
20221118,14:44:56,1.40,1360,57920
20221118,14:45:01,1.45,120,57920
20221118,14:45:10,1.40,240,57920
20221118,14:45:24,1.40,160,57920
20221118,14:45:44,1.40,80,58040
20221118,14:46:05,1.40,40,58040
20221118,14:46:37,1.40,240,58040
20221118,14:46:42,1.40,1200,58040
20221118,14:46:47,1.40,120,58040
20221118,14:47:00,1.40,40,58040
20221118,14:47:05,1.45,40,58040
20221118,14:47:18,1.40,200,58040
20221118,14:47:57,1.40,160,58040
20221118,14:48:40,1.40,80,57760
20221118,14:48:53,1.45,680,57760
20221118,14:49:19,1.45,40,57760
20221118,14:49:27,1.45,40,57760
20221118,14:49:31,1.45,40,57760
20221118,14:49:35,1.45,80,57760
20221118,14:49:44,1.45,40,57760
20221118,14:49:48,1.45,400,57760
20221118,14:50:09,1.45,40,57760
20221118,14:50:32,1.45,80,57760
20221118,14:51:52,1.50,360,57040
20221118,14:52:13,1.50,120,57040
20221118,14:52:29,1.55,40,57040
20221118,14:53:16,1.65,1120,57040
20221118,14:53:25,1.65,40,57040
20221118,14:53:29,1.65,760,57040
20221118,14:53:33,1.70,760,57040
20221118,14:53:59,1.70,160,57040
20221118,14:54:03,1.70,40,57040
20221118,14:54:07,1.65,120,57040
20221118,14:54:12,1.65,40,57040
20221118,14:54:17,1.65,80,57040
20221118,14:54:39,1.65,240,57360
20221118,14:54:57,1.65,40,57360
20221118,14:55:22,1.65,40,57360
20221118,14:55:27,1.65,40,57360
20221118,14:55:36,1.65,120,57360
20221118,14:55:41,1.65,120,57360
20221118,14:55:45,1.65,120,57360
20221118,14:55:49,1.60,400,57360
20221118,14:55:53,1.60,520,57360
20221118,14:55:57,1.60,200,57360
20221118,14:56:06,1.60,400,57360
20221118,14:56:10,1.55,600,57360
20221118,14:56:14,1.55,280,57360
20221118,14:56:19,1.50,440,57360
20221118,14:56:23,1.50,160,57360
20221118,14:56:28,1.45,440,57360
20221118,14:56:32,1.50,400,57360
20221118,14:56:37,1.40,280,57360
20221118,14:56:46,1.40,120,57360
20221118,14:56:54,1.40,120,57360
20221118,14:56:59,1.40,120,57360
20221118,14:57:03,1.40,120,57360
20221118,14:57:07,1.40,120,57360
20221118,14:57:12,1.45,120,57360
20221118,14:57:16,1.50,40,57360
20221118,14:57:20,1.40,160,57360
20221118,14:57:24,1.55,240,57360
20221118,14:57:29,1.55,600,58200
20221118,14:57:33,1.45,120,58200
20221118,14:57:37,1.50,520,58200
20221118,14:57:46,1.50,80,58200
20221118,14:57:51,1.45,120,58200
20221118,14:57:56,1.50,160,58200
20221118,14:58:04,1.55,200,58200
20221118,14:58:18,1.45,360,58200
20221118,14:58:28,1.55,240,58200
20221118,14:58:32,1.55,480,58200
20221118,14:58:37,1.55,120,58200
20221118,14:58:54,1.60,2000,58200
20221118,14:59:06,1.60,120,58200
20221118,14:59:11,1.60,120,58200
20221118,14:59:23,1.60,80,58200
20221118,14:59:31,1.55,40,58200
20221118,14:59:36,1.60,40,58200
20221118,14:59:40,1.65,40,58200
20221118,15:00:00,1.60,120,58200
20221118,15:00:06,1.65,640,58200
20221118,15:00:12,1.70,40,58200
20221118,15:00:17,1.70,520,58200
20221118,15:00:23,1.65,520,58200
20221118,15:00:28,1.65,480,57880
20221118,15:00:53,1.70,240,57880
20221118,15:00:58,1.70,1560,57880
20221118,15:01:04,1.70,1720,57880
20221118,15:01:09,1.75,160,57880
20221118,15:01:15,1.70,40,57880
20221118,15:01:20,1.80,360,57880
20221118,15:01:25,1.75,240,57880
20221118,15:01:34,1.70,680,57880
20221118,15:01:39,1.70,160,57880
20221118,15:01:49,1.75,40,57880
20221118,15:01:54,1.75,280,57880
20221118,15:02:03,1.75,40,57880
20221118,15:02:09,1.70,120,57880
20221118,15:02:13,1.75,320,57880
20221118,15:02:24,1.80,720,57880
20221118,15:02:29,1.85,120,57880
20221118,15:02:33,1.80,40,57880
20221118,15:02:38,1.80,120,57880
20221118,15:02:48,1.80,40,57880
20221118,15:03:07,1.85,2040,57880
20221118,15:03:12,1.85,40,57880
20221118,15:03:25,1.90,40,57880
20221118,15:03:34,1.90,80,59560
20221118,15:03:44,1.95,2080,59560
20221118,15:03:53,1.95,40,59560
20221118,15:04:02,1.90,40,59560
20221118,15:04:07,1.90,400,59560
20221118,15:04:17,1.90,160,59560
20221118,15:04:21,1.90,40,59560
20221118,15:04:26,1.85,280,59560
20221118,15:04:31,1.85,280,59560
20221118,15:04:35,1.85,40,59560
20221118,15:04:39,1.90,360,59560
20221118,15:04:44,1.90,360,59560
20221118,15:04:48,1.90,40,59560
20221118,15:04:53,1.90,280,59560
20221118,15:04:58,1.85,240,59560
20221118,15:05:03,1.85,40,59560
20221118,15:05:09,1.85,920,59560
20221118,15:05:14,1.85,360,59560
20221118,15:05:19,1.85,160,59560
20221118,15:05:38,1.85,120,59560
20221118,15:05:42,1.85,80,59560
20221118,15:05:47,1.85,160,59560
20221118,15:05:51,1.85,400,59560
20221118,15:05:56,1.85,120,59560
20221118,15:06:05,1.80,80,59560
20221118,15:06:10,1.80,40,59560
20221118,15:06:20,1.75,1960,59560
20221118,15:06:25,1.75,2320,59560
20221118,15:06:30,1.75,920,54720
20221118,15:06:35,1.75,280,54720
20221118,15:06:41,1.75,400,54720
20221118,15:06:50,1.85,1120,54720
20221118,15:06:55,1.90,80,54720
20221118,15:07:00,1.90,1600,54720
20221118,15:07:05,1.90,80,54720
20221118,15:07:24,1.85,120,54720
20221118,15:07:28,1.90,240,54720
20221118,15:07:32,1.85,240,54720
20221118,15:07:36,1.85,40,54720
20221118,15:08:03,1.95,320,54720
20221118,15:08:08,1.95,160,54720
20221118,15:08:13,1.95,80,54720
20221118,15:08:17,1.95,80,54720
20221118,15:08:22,1.95,1280,54720
20221118,15:08:31,1.95,40,54720
20221118,15:08:36,1.90,1280,54720
20221118,15:08:40,1.95,80,54720
20221118,15:08:50,1.90,480,54720
20221118,15:08:54,1.85,40,54720
20221118,15:08:59,1.90,40,54720
20221118,15:09:14,1.85,640,54720
20221118,15:10:08,1.80,600,56120
20221118,15:10:13,1.85,640,56120
20221118,15:10:17,1.85,360,56120
20221118,15:10:22,1.85,120,56120
20221118,15:10:26,1.85,760,56120
20221118,15:10:36,1.95,800,56120
20221118,15:10:41,1.90,40,56120
20221118,15:10:45,1.85,160,56120
20221118,15:10:55,1.90,80,56120
20221118,15:11:00,1.85,400,56120
20221118,15:11:09,1.95,40,56120
20221118,15:11:14,1.95,40,56120
20221118,15:12:35,1.95,40,56080
20221118,15:12:44,1.95,400,56080
20221118,15:12:53,2.00,2920,56080
20221118,15:12:58,2.00,720,56080
20221118,15:13:03,2.00,80,56080
20221118,15:13:07,1.95,2200,56080
20221118,15:13:12,1.95,40,56080
20221118,15:13:16,2.00,3240,56080
20221118,15:13:21,2.00,360,56080
20221118,15:13:26,2.00,200,56080
20221118,15:13:30,1.95,120,56080
20221118,15:13:35,1.95,560,56080
20221118,15:13:40,2.00,120,56080
20221118,15:13:49,1.95,600,56080
20221118,15:13:54,1.95,840,56080
20221118,15:13:59,1.95,40,56080
20221118,15:14:03,1.95,120,56080
20221118,15:14:08,1.90,280,56080
20221118,15:14:13,1.90,160,56080
20221118,15:14:17,1.90,320,56080
20221118,15:14:22,1.85,360,56080
20221118,15:14:27,1.85,600,56080
20221118,15:14:32,1.85,760,56080
20221118,15:14:40,1.80,400,56080
20221118,15:15:11,1.75,1200,56080
20221118,15:15:48,1.80,1000,57160
20221118,15:15:53,1.75,40,57160
20221118,15:15:57,1.70,80,57160
20221118,15:16:02,1.70,40,57160
20221118,15:16:07,1.65,40,57160
20221118,15:16:13,1.65,120,57160
20221118,15:16:18,1.70,480,57160
20221118,15:16:23,1.55,2480,57160
20221118,15:16:28,1.60,120,57160
20221118,15:16:34,1.50,80,57160
20221118,15:16:49,1.65,400,57160
20221118,15:17:04,1.65,120,57160
20221118,15:17:09,1.65,1080,57160
20221118,15:17:13,1.70,360,57160
20221118,15:17:18,1.65,120,57160
20221118,15:17:22,1.65,2840,57160
20221118,15:17:41,1.65,120,57160
20221118,15:17:46,1.70,760,57160
20221118,15:17:50,1.65,1640,57160
20221118,15:17:55,1.65,160,57160
20221118,15:18:05,1.65,520,57160
20221118,15:18:15,1.65,40,57160
20221118,15:18:20,1.70,2840,57160
20221118,15:18:30,1.65,400,57160
20221118,15:18:36,1.65,560,49440
20221118,15:18:41,1.70,720,49440
20221118,15:18:46,1.65,240,49440
20221118,15:19:01,1.65,120,49440
20221118,15:19:21,1.60,1480,49440
20221118,15:19:35,1.60,520,49440
20221118,15:19:41,1.60,40,49440
20221118,15:20:11,1.65,400,49440
20221118,15:20:16,1.60,3280,49440
20221118,15:20:35,1.60,1760,49440
20221118,15:20:55,1.65,80,49440
20221118,15:21:00,1.65,80,49440
20221118,15:21:15,1.65,2440,49440
20221118,15:21:19,1.65,40,49440
20221118,15:21:29,1.65,440,49440
20221118,15:21:34,1.60,120,43440
20221118,15:21:48,1.65,120,43440
20221118,15:21:56,1.65,40,43440
20221118,15:22:01,1.65,360,43440
20221118,15:22:06,1.65,440,43440
20221118,15:22:11,1.60,720,43440
20221118,15:22:15,1.60,120,43440
20221118,15:22:19,1.60,240,43440
20221118,15:22:28,1.60,440,43440
20221118,15:22:32,1.55,80,43440
20221118,15:22:36,1.55,280,43440
20221118,15:22:40,1.50,5000,43440
20221118,15:22:45,1.50,1240,43440
20221118,15:22:49,1.55,3280,43440
20221118,15:22:53,1.55,120,43440
20221118,15:23:02,1.50,80,43440
20221118,15:23:12,1.45,120,43440
20221118,15:23:25,1.45,80,43440
20221118,15:23:33,1.45,560,43440
20221118,15:23:38,1.45,40,43440
20221118,15:23:42,1.45,40,43440
20221118,15:24:03,1.45,120,43440
20221118,15:24:13,1.50,120,43440
20221118,15:24:22,1.40,120,43440
20221118,15:24:36,1.40,440,42320
20221118,15:24:40,1.40,40,42320
20221118,15:24:48,1.45,40,42320
20221118,15:24:55,1.35,920,42320
20221118,15:24:59,1.45,600,42320
20221118,15:25:03,1.45,360,42320
20221118,15:25:07,1.45,160,42320
20221118,15:25:11,1.45,40,42320
20221118,15:25:28,1.45,400,42320
20221118,15:25:31,1.40,200,42320
20221118,15:25:43,1.40,120,42320
20221118,15:25:52,1.40,120,42320
20221118,15:26:01,1.40,400,42320
20221118,15:26:17,1.35,440,42320
20221118,15:26:21,1.35,120,42320
20221118,15:26:25,1.25,240,42320
20221118,15:26:29,1.30,400,42320
20221118,15:26:33,1.35,480,42320
20221118,15:26:37,1.35,880,42320
20221118,15:26:41,1.30,360,42320
20221118,15:26:45,1.30,80,42320
20221118,15:26:49,1.25,240,42320
20221118,15:26:53,1.20,240,42320
20221118,15:26:57,1.25,1360,42320
20221118,15:27:01,1.25,3760,42320
20221118,15:27:05,1.30,800,42320
20221118,15:27:10,1.20,1640,42320
20221118,15:27:14,1.25,720,42320
20221118,15:27:18,1.25,880,42320
20221118,15:27:25,1.25,640,42320
20221118,15:27:29,1.20,120,42320
20221118,15:27:32,1.20,120,41280
20221118,15:27:36,1.20,120,41280
20221118,15:27:40,1.20,160,41280
20221118,15:27:44,1.20,240,41280
20221118,15:27:48,1.30,1080,41280
20221118,15:27:52,1.25,1200,41280
20221118,15:27:56,1.35,2320,41280
20221118,15:28:01,1.40,2160,41280
20221118,15:28:06,1.20,6360,41280
20221118,15:28:11,1.05,5160,41280
20221118,15:28:16,1.00,3280,41280
20221118,15:28:21,1.00,800,41280
20221118,15:28:25,1.15,1320,41280
20221118,15:28:30,1.20,800,41280
20221118,15:28:34,1.20,680,41280
20221118,15:28:39,1.15,1200,41280
20221118,15:28:43,1.30,2840,41280
20221118,15:28:48,1.15,2000,41280
20221118,15:28:52,1.30,520,41280
20221118,15:28:57,1.25,1120,41280
20221118,15:29:01,1.30,1160,41280
20221118,15:29:05,1.35,960,41280
20221118,15:29:10,1.35,480,41280
20221118,15:29:15,1.30,920,41280
20221118,15:29:19,1.30,1360,41280
20221118,15:29:24,1.35,920,41280
20221118,15:29:28,1.30,480,41280
20221118,15:29:33,1.15,2560,41280
20221118,15:29:37,1.20,1280,41280
20221118,15:29:43,1.20,120,41280
20221118,15:29:48,1.25,1240,41280
20221118,15:29:53,1.05,3040,41280
20221118,15:29:59,1.80,1000,41280
