trade_id,instrument,symbol,underlying,instrument_type,option_type,strike,expiry,quantity,entry_time,exit_time,entry_price,exit_price,pnl,holding_seconds,holding_minutes
1,BANKNIFTY22112442600CE,BANKNIFTY22112442600CE,BANKNIFTY,OPTION,CE,42600,2022-11-24,1,2022-11-18 09:15:00,2022-11-18 09:19:38,294.0,274.8,-19.19999999999999,278.0,4.633333333333334
2,BANKNIFTY22112442600PE,BANKNIFTY22112442600PE,BANKNIFTY,OPTION,PE,42600,2022-11-24,1,2022-11-18 09:15:00,2022-11-18 09:19:38,322.6,328.95,6.349999999999966,278.0,4.633333333333334
3,NIFTY22112418400CE,NIFTY22112418400CE,NIFTY,OPTION,CE,18400,2022-11-24,1,2022-11-18 09:15:00,2022-11-18 09:21:20,114.65,96.2,-18.450000000000003,380.0,6.333333333333333
4,NIFTY22112418400PE,NIFTY22112418400PE,NIFTY,OPTION,PE,18400,2022-11-24,1,2022-11-18 09:15:00,2022-11-18 09:21:20,106.75,123.65,16.900000000000006,380.0,6.333333333333333
5,NIFTY22112418350CE,NIFTY22112418350CE,NIFTY,OPTION,CE,18350,2022-11-24,1,2022-11-18 09:21:20,2022-11-18 09:21:21,122.2,122.2,0.0,1.0,0.016666666666666666
6,NIFTY22112418350PE,NIFTY22112418350PE,NIFTY,OPTION,PE,18350,2022-11-24,1,2022-11-18 09:21:20,2022-11-18 09:21:21,99.4,100.0,0.5999999999999943,1.0,0.016666666666666666
7,NIFTY22112418400CE,NIFTY22112418400CE,NIFTY,OPTION,CE,18400,2022-11-24,1,2022-11-18 09:21:21,2022-11-18 09:21:22,96.0,96.15,0.15000000000000568,1.0,0.016666666666666666
8,NIFTY22112418400PE,NIFTY22112418400PE,NIFTY,OPTION,PE,18400,2022-11-24,1,2022-11-18 09:21:21,2022-11-18 09:21:22,123.85,124.3,0.45000000000000284,1.0,0.016666666666666666
9,NIFTY22112418350CE,NIFTY22112418350CE,NIFTY,OPTION,CE,18350,2022-11-24,1,2022-11-18 09:21:22,2022-11-18 09:23:56,122.2,123.8,1.5999999999999943,154.0,2.566666666666667
10,NIFTY22112418350PE,NIFTY22112418350PE,NIFTY,OPTION,PE,18350,2022-11-24,1,2022-11-18 09:21:22,2022-11-18 09:23:56,100.6,98.8,-1.7999999999999972,154.0,2.566666666666667
11,NIFTY22112418400CE,NIFTY22112418400CE,NIFTY,OPTION,CE,18400,2022-11-24,1,2022-11-18 09:23:56,2022-11-18 09:23:57,97.3,97.4,0.10000000000000853,1.0,0.016666666666666666
12,NIFTY22112418400PE,NIFTY22112418400PE,NIFTY,OPTION,PE,18400,2022-11-24,1,2022-11-18 09:23:56,2022-11-18 09:23:57,122.15,122.15,0.0,1.0,0.016666666666666666
13,NIFTY22112418350CE,NIFTY22112418350CE,NIFTY,OPTION,CE,18350,2022-11-24,1,2022-11-18 09:23:57,2022-11-18 09:23:58,123.75,123.2,-0.5499999999999972,1.0,0.016666666666666666
14,NIFTY22112418350PE,NIFTY22112418350PE,NIFTY,OPTION,PE,18350,2022-11-24,1,2022-11-18 09:23:57,2022-11-18 09:23:58,99.0,99.8,0.7999999999999972,1.0,0.016666666666666666
15,NIFTY22112418400CE,NIFTY22112418400CE,NIFTY,OPTION,CE,18400,2022-11-24,1,2022-11-18 09:23:58,2022-11-18 09:24:03,96.9,97.1,0.19999999999998863,5.0,0.08333333333333333
16,NIFTY22112418400PE,NIFTY22112418400PE,NIFTY,OPTION,PE,18400,2022-11-24,1,2022-11-18 09:23:58,2022-11-18 09:24:03,123.1,121.7,-1.3999999999999915,5.0,0.08333333333333333
17,NIFTY22112418350CE,NIFTY22112418350CE,NIFTY,OPTION,CE,18350,2022-11-24,1,2022-11-18 09:24:03,2022-11-18 09:24:04,123.3,124.0,0.7000000000000028,1.0,0.016666666666666666
18,NIFTY22112418350PE,NIFTY22112418350PE,NIFTY,OPTION,PE,18350,2022-11-24,1,2022-11-18 09:24:03,2022-11-18 09:24:04,98.5,98.2,-0.29999999999999716,1.0,0.016666666666666666
19,NIFTY22112418400CE,NIFTY22112418400CE,NIFTY,OPTION,CE,18400,2022-11-24,1,2022-11-18 09:24:04,2022-11-18 09:24:58,97.4,96.3,-1.1000000000000085,54.0,0.9
20,NIFTY22112418400PE,NIFTY22112418400PE,NIFTY,OPTION,PE,18400,2022-11-24,1,2022-11-18 09:24:04,2022-11-18 09:24:58,121.65,122.75,1.0999999999999943,54.0,0.9
21,NIFTY22112418350CE,NIFTY22112418350CE,NIFTY,OPTION,CE,18350,2022-11-24,1,2022-11-18 09:24:58,2022-11-18 09:25:01,122.95,121.85,-1.1000000000000085,3.0,0.05
22,NIFTY22112418350PE,NIFTY22112418350PE,NIFTY,OPTION,PE,18350,2022-11-24,1,2022-11-18 09:24:58,2022-11-18 09:25:01,99.25,99.8,0.5499999999999972,3.0,0.05
23,NIFTY22112418400CE,NIFTY22112418400CE,NIFTY,OPTION,CE,18400,2022-11-24,1,2022-11-18 09:25:01,2022-11-18 09:25:02,95.35,95.35,0.0,1.0,0.016666666666666666
24,NIFTY22112418400PE,NIFTY22112418400PE,NIFTY,OPTION,PE,18400,2022-11-24,1,2022-11-18 09:25:01,2022-11-18 09:25:02,122.85,123.55,0.7000000000000028,1.0,0.016666666666666666
25,BANKNIFTY22112442500CE,BANKNIFTY22112442500CE,BANKNIFTY,OPTION,CE,42500,2022-11-24,1,2022-11-18 09:19:38,2022-11-18 09:45:00,325.6,323.7,-1.900000000000034,1522.0,25.366666666666667
26,BANKNIFTY22112442500PE,BANKNIFTY22112442500PE,BANKNIFTY,OPTION,PE,42500,2022-11-24,1,2022-11-18 09:19:38,2022-11-18 09:45:00,282.45,278.25,-4.199999999999989,1522.0,25.366666666666667
27,BANKNIFTY22112442600CE,BANKNIFTY22112442600CE,BANKNIFTY,OPTION,CE,42600,2022-11-24,1,2022-11-18 09:45:00,2022-11-18 09:45:03,272.05,270.3,-1.75,3.0,0.05
28,BANKNIFTY22112442600PE,BANKNIFTY22112442600PE,BANKNIFTY,OPTION,PE,42600,2022-11-24,1,2022-11-18 09:45:00,2022-11-18 09:45:03,325.5,328.4,2.8999999999999773,3.0,0.05
29,BANKNIFTY22112442500CE,BANKNIFTY22112442500CE,BANKNIFTY,OPTION,CE,42500,2022-11-24,1,2022-11-18 09:45:03,2022-11-18 09:45:07,323.15,323.45,0.30000000000001137,4.0,0.06666666666666667
30,BANKNIFTY22112442500PE,BANKNIFTY22112442500PE,BANKNIFTY,OPTION,PE,42500,2022-11-24,1,2022-11-18 09:45:03,2022-11-18 09:45:07,280.75,281.4,0.6499999999999773,4.0,0.06666666666666667
31,BANKNIFTY22112442600CE,BANKNIFTY22112442600CE,BANKNIFTY,OPTION,CE,42600,2022-11-24,1,2022-11-18 09:45:07,2022-11-18 09:45:09,269.3,270.2,0.8999999999999773,2.0,0.03333333333333333
32,BANKNIFTY22112442600PE,BANKNIFTY22112442600PE,BANKNIFTY,OPTION,PE,42600,2022-11-24,1,2022-11-18 09:45:07,2022-11-18 09:45:09,328.75,329.55,0.8000000000000114,2.0,0.03333333333333333
33,BANKNIFTY22112442500CE,BANKNIFTY22112442500CE,BANKNIFTY,OPTION,CE,42500,2022-11-24,1,2022-11-18 09:45:09,2022-11-18 09:45:32,322.25,324.95,2.6999999999999886,23.0,0.38333333333333336
34,BANKNIFTY22112442500PE,BANKNIFTY22112442500PE,BANKNIFTY,OPTION,PE,42500,2022-11-24,1,2022-11-18 09:45:09,2022-11-18 09:45:32,281.15,280.65,-0.5,23.0,0.38333333333333336
35,BANKNIFTY22112442600CE,BANKNIFTY22112442600CE,BANKNIFTY,OPTION,CE,42600,2022-11-24,1,2022-11-18 09:45:32,2022-11-18 09:50:49,271.65,272.65,1.0,317.0,5.283333333333333
36,BANKNIFTY22112442600PE,BANKNIFTY22112442600PE,BANKNIFTY,OPTION,PE,42600,2022-11-24,1,2022-11-18 09:45:32,2022-11-18 09:50:49,328.05,326.6,-1.4499999999999886,317.0,5.283333333333333
37,BANKNIFTY22112442500CE,BANKNIFTY22112442500CE,BANKNIFTY,OPTION,CE,42500,2022-11-24,1,2022-11-18 09:50:49,2022-11-18 09:50:55,324.05,324.6,0.5500000000000114,6.0,0.1
38,BANKNIFTY22112442500PE,BANKNIFTY22112442500PE,BANKNIFTY,OPTION,PE,42500,2022-11-24,1,2022-11-18 09:50:49,2022-11-18 09:50:55,279.45,279.6,0.1500000000000341,6.0,0.1
39,BANKNIFTY22112442600CE,BANKNIFTY22112442600CE,BANKNIFTY,OPTION,CE,42600,2022-11-24,1,2022-11-18 09:50:55,2022-11-18 09:53:24,271.95,273.3,1.3500000000000227,149.0,2.4833333333333334
40,BANKNIFTY22112442600PE,BANKNIFTY22112442600PE,BANKNIFTY,OPTION,PE,42600,2022-11-24,1,2022-11-18 09:50:55,2022-11-18 09:53:24,326.3,327.75,1.4499999999999886,149.0,2.4833333333333334
41,BANKNIFTY22112442500CE,BANKNIFTY22112442500CE,BANKNIFTY,OPTION,CE,42500,2022-11-24,1,2022-11-18 09:53:24,2022-11-18 09:53:27,326.55,326.95,0.39999999999997726,3.0,0.05
42,BANKNIFTY22112442500PE,BANKNIFTY22112442500PE,BANKNIFTY,OPTION,PE,42500,2022-11-24,1,2022-11-18 09:53:24,2022-11-18 09:53:27,280.5,280.2,-0.30000000000001137,3.0,0.05
43,BANKNIFTY22112442600CE,BANKNIFTY22112442600CE,BANKNIFTY,OPTION,CE,42600,2022-11-24,1,2022-11-18 09:53:27,2022-11-18 09:55:02,273.4,271.0,-2.3999999999999773,95.0,1.5833333333333333
44,BANKNIFTY22112442600PE,BANKNIFTY22112442600PE,BANKNIFTY,OPTION,PE,42600,2022-11-24,1,2022-11-18 09:53:27,2022-11-18 09:55:02,327.7,325.25,-2.4499999999999886,95.0,1.5833333333333333
45,NIFTY22112418350CE,NIFTY22112418350CE,NIFTY,OPTION,CE,18350,2022-11-24,1,2022-11-18 09:25:02,2022-11-18 10:37:11,121.25,100.1,-21.150000000000006,4329.0,72.15
46,NIFTY22112418350PE,NIFTY22112418350PE,NIFTY,OPTION,PE,18350,2022-11-24,1,2022-11-18 09:25:02,2022-11-18 10:37:11,99.6,123.4,23.80000000000001,4329.0,72.15
47,BANKNIFTY22112442500CE,BANKNIFTY22112442500CE,BANKNIFTY,OPTION,CE,42500,2022-11-24,1,2022-11-18 09:55:02,2022-11-18 10:51:10,323.6,277.65,-45.950000000000045,3368.0,56.13333333333333
48,BANKNIFTY22112442500PE,BANKNIFTY22112442500PE,BANKNIFTY,OPTION,PE,42500,2022-11-24,1,2022-11-18 09:55:02,2022-11-18 10:51:10,278.2,348.0,69.80000000000001,3368.0,56.13333333333333
49,BANKNIFTY22112442400CE,BANKNIFTY22112442400CE,BANKNIFTY,OPTION,CE,42400,2022-11-24,1,2022-11-18 10:51:10,2022-11-18 11:12:17,332.25,278.0,-54.25,1267.0,21.116666666666667
50,BANKNIFTY22112442400PE,BANKNIFTY22112442400PE,BANKNIFTY,OPTION,PE,42400,2022-11-24,1,2022-11-18 10:51:10,2022-11-18 11:12:17,290.45,340.0,49.55000000000001,1267.0,21.116666666666667
51,NIFTY22112418300CE,NIFTY22112418300CE,NIFTY,OPTION,CE,18300,2022-11-24,1,2022-11-18 10:37:11,2022-11-18 11:14:30,127.0,104.05,-22.950000000000003,2239.0,37.31666666666667
52,NIFTY22112418300PE,NIFTY22112418300PE,NIFTY,OPTION,PE,18300,2022-11-24,1,2022-11-18 10:37:11,2022-11-18 11:14:30,99.9,130.0,30.099999999999994,2239.0,37.31666666666667
53,NIFTY22112418250CE,NIFTY22112418250CE,NIFTY,OPTION,CE,18250,2022-11-24,1,2022-11-18 11:14:30,2022-11-18 11:14:40,131.5,131.55,0.05000000000001137,10.0,0.16666666666666666
54,NIFTY22112418250PE,NIFTY22112418250PE,NIFTY,OPTION,PE,18250,2022-11-24,1,2022-11-18 11:14:30,2022-11-18 11:14:40,106.6,104.95,-1.6499999999999915,10.0,0.16666666666666666
55,BANKNIFTY22112442300CE,BANKNIFTY22112442300CE,BANKNIFTY,OPTION,CE,42300,2022-11-24,1,2022-11-18 11:12:17,2022-11-18 11:15:23,334.0,334.75,0.75,186.0,3.1
56,BANKNIFTY22112442300PE,BANKNIFTY22112442300PE,BANKNIFTY,OPTION,PE,42300,2022-11-24,1,2022-11-18 11:12:17,2022-11-18 11:15:23,289.5,290.65,1.1499999999999773,186.0,3.1
57,BANKNIFTY22112442400CE,BANKNIFTY22112442400CE,BANKNIFTY,OPTION,CE,42400,2022-11-24,1,2022-11-18 11:15:23,2022-11-18 11:15:25,282.0,281.7,-0.30000000000001137,2.0,0.03333333333333333
58,BANKNIFTY22112442400PE,BANKNIFTY22112442400PE,BANKNIFTY,OPTION,PE,42400,2022-11-24,1,2022-11-18 11:15:23,2022-11-18 11:15:25,337.75,339.0,1.25,2.0,0.03333333333333333
59,BANKNIFTY22112442300CE,BANKNIFTY22112442300CE,BANKNIFTY,OPTION,CE,42300,2022-11-24,1,2022-11-18 11:15:25,2022-11-18 11:15:38,334.35,334.9,0.5499999999999545,13.0,0.21666666666666667
60,BANKNIFTY22112442300PE,BANKNIFTY22112442300PE,BANKNIFTY,OPTION,PE,42300,2022-11-24,1,2022-11-18 11:15:25,2022-11-18 11:15:38,290.7,289.4,-1.3000000000000114,13.0,0.21666666666666667
61,BANKNIFTY22112442400CE,BANKNIFTY22112442400CE,BANKNIFTY,OPTION,CE,42400,2022-11-24,1,2022-11-18 11:15:38,2022-11-18 11:15:39,282.75,281.75,-1.0,1.0,0.016666666666666666
62,BANKNIFTY22112442400PE,BANKNIFTY22112442400PE,BANKNIFTY,OPTION,PE,42400,2022-11-24,1,2022-11-18 11:15:38,2022-11-18 11:15:39,337.7,338.2,0.5,1.0,0.016666666666666666
63,BANKNIFTY22112442300CE,BANKNIFTY22112442300CE,BANKNIFTY,OPTION,CE,42300,2022-11-24,1,2022-11-18 11:15:39,2022-11-18 11:15:55,334.0,334.65,0.6499999999999773,16.0,0.26666666666666666
64,BANKNIFTY22112442300PE,BANKNIFTY22112442300PE,BANKNIFTY,OPTION,PE,42300,2022-11-24,1,2022-11-18 11:15:39,2022-11-18 11:15:55,290.0,289.65,-0.35000000000002274,16.0,0.26666666666666666
65,BANKNIFTY22112442400CE,BANKNIFTY22112442400CE,BANKNIFTY,OPTION,CE,42400,2022-11-24,1,2022-11-18 11:15:55,2022-11-18 11:15:57,281.6,281.65,0.049999999999954525,2.0,0.03333333333333333
66,BANKNIFTY22112442400PE,BANKNIFTY22112442400PE,BANKNIFTY,OPTION,PE,42400,2022-11-24,1,2022-11-18 11:15:55,2022-11-18 11:15:57,338.3,338.3,0.0,2.0,0.03333333333333333
67,BANKNIFTY22112442300CE,BANKNIFTY22112442300CE,BANKNIFTY,OPTION,CE,42300,2022-11-24,1,2022-11-18 11:15:57,2022-11-18 11:20:44,333.75,336.7,2.9499999999999886,287.0,4.783333333333333
68,BANKNIFTY22112442300PE,BANKNIFTY22112442300PE,BANKNIFTY,OPTION,PE,42300,2022-11-24,1,2022-11-18 11:15:57,2022-11-18 11:20:44,289.95,290.0,0.05000000000001137,287.0,4.783333333333333
69,BANKNIFTY22112442400CE,BANKNIFTY22112442400CE,BANKNIFTY,OPTION,CE,42400,2022-11-24,1,2022-11-18 11:20:44,2022-11-18 11:21:11,283.6,284.0,0.39999999999997726,27.0,0.45
70,BANKNIFTY22112442400PE,BANKNIFTY22112442400PE,BANKNIFTY,OPTION,PE,42400,2022-11-24,1,2022-11-18 11:20:44,2022-11-18 11:21:11,337.25,336.3,-0.9499999999999886,27.0,0.45
71,BANKNIFTY22112442300CE,BANKNIFTY22112442300CE,BANKNIFTY,OPTION,CE,42300,2022-11-24,1,2022-11-18 11:21:11,2022-11-18 11:21:15,336.35,336.0,-0.35000000000002274,4.0,0.06666666666666667
72,BANKNIFTY22112442300PE,BANKNIFTY22112442300PE,BANKNIFTY,OPTION,PE,42300,2022-11-24,1,2022-11-18 11:21:11,2022-11-18 11:21:15,288.25,290.0,1.75,4.0,0.06666666666666667
73,BANKNIFTY22112442400CE,BANKNIFTY22112442400CE,BANKNIFTY,OPTION,CE,42400,2022-11-24,1,2022-11-18 11:21:15,2022-11-18 11:21:23,283.8,282.3,-1.5,8.0,0.13333333333333333
74,BANKNIFTY22112442400PE,BANKNIFTY22112442400PE,BANKNIFTY,OPTION,PE,42400,2022-11-24,1,2022-11-18 11:21:15,2022-11-18 11:21:23,337.0,339.6,2.6000000000000227,8.0,0.13333333333333333
75,BANKNIFTY22112442300CE,BANKNIFTY22112442300CE,BANKNIFTY,OPTION,CE,42300,2022-11-24,1,2022-11-18 11:21:23,2022-11-18 11:21:24,335.25,335.35,0.10000000000002274,1.0,0.016666666666666666
76,BANKNIFTY22112442300PE,BANKNIFTY22112442300PE,BANKNIFTY,OPTION,PE,42300,2022-11-24,1,2022-11-18 11:21:23,2022-11-18 11:21:24,291.15,291.5,0.35000000000002274,1.0,0.016666666666666666
77,BANKNIFTY22112442400CE,BANKNIFTY22112442400CE,BANKNIFTY,OPTION,CE,42400,2022-11-24,1,2022-11-18 11:21:24,2022-11-18 11:21:29,283.65,282.4,-1.25,5.0,0.08333333333333333
78,BANKNIFTY22112442400PE,BANKNIFTY22112442400PE,BANKNIFTY,OPTION,PE,42400,2022-11-24,1,2022-11-18 11:21:24,2022-11-18 11:21:29,338.5,338.9,0.39999999999997726,5.0,0.08333333333333333
79,BANKNIFTY22112442300CE,BANKNIFTY22112442300CE,BANKNIFTY,OPTION,CE,42300,2022-11-24,1,2022-11-18 11:21:29,2022-11-18 11:21:31,335.0,335.2,0.19999999999998863,2.0,0.03333333333333333
80,BANKNIFTY22112442300PE,BANKNIFTY22112442300PE,BANKNIFTY,OPTION,PE,42300,2022-11-24,1,2022-11-18 11:21:29,2022-11-18 11:21:31,291.2,290.3,-0.8999999999999773,2.0,0.03333333333333333
81,BANKNIFTY22112442400CE,BANKNIFTY22112442400CE,BANKNIFTY,OPTION,CE,42400,2022-11-24,1,2022-11-18 11:21:31,2022-11-18 11:22:00,282.95,284.5,1.5500000000000114,29.0,0.48333333333333334
82,BANKNIFTY22112442400PE,BANKNIFTY22112442400PE,BANKNIFTY,OPTION,PE,42400,2022-11-24,1,2022-11-18 11:21:31,2022-11-18 11:22:00,338.8,336.85,-1.9499999999999886,29.0,0.48333333333333334
83,BANKNIFTY22112442300CE,BANKNIFTY22112442300CE,BANKNIFTY,OPTION,CE,42300,2022-11-24,1,2022-11-18 11:22:00,2022-11-18 11:22:01,337.45,337.65,0.19999999999998863,1.0,0.016666666666666666
84,BANKNIFTY22112442300PE,BANKNIFTY22112442300PE,BANKNIFTY,OPTION,PE,42300,2022-11-24,1,2022-11-18 11:22:00,2022-11-18 11:22:01,289.0,288.1,-0.8999999999999773,1.0,0.016666666666666666
85,BANKNIFTY22112442400CE,BANKNIFTY22112442400CE,BANKNIFTY,OPTION,CE,42400,2022-11-24,1,2022-11-18 11:22:01,2022-11-18 13:43:14,285.85,277.2,-8.650000000000034,8473.0,141.21666666666667
86,BANKNIFTY22112442400PE,BANKNIFTY22112442400PE,BANKNIFTY,OPTION,PE,42400,2022-11-24,1,2022-11-18 11:22:01,2022-11-18 13:43:14,335.55,329.55,-6.0,8473.0,141.21666666666667
87,NIFTY22112418300CE,NIFTY22112418300CE,NIFTY,OPTION,CE,18300,2022-11-24,1,2022-11-18 11:14:40,2022-11-18 13:44:12,104.6,97.0,-7.599999999999994,8972.0,149.53333333333333
88,NIFTY22112418300PE,NIFTY22112418300PE,NIFTY,OPTION,PE,18300,2022-11-24,1,2022-11-18 11:14:40,2022-11-18 13:44:12,128.35,123.6,-4.75,8972.0,149.53333333333333
89,NIFTY22112418250CE,NIFTY22112418250CE,NIFTY,OPTION,CE,18250,2022-11-24,1,2022-11-18 13:44:12,2022-11-18 13:44:37,123.6,125.6,2.0,25.0,0.4166666666666667
90,NIFTY22112418250PE,NIFTY22112418250PE,NIFTY,OPTION,PE,18250,2022-11-24,1,2022-11-18 13:44:12,2022-11-18 13:44:37,100.1,97.95,-2.1499999999999915,25.0,0.4166666666666667
91,BANKNIFTY22112442300CE,BANKNIFTY22112442300CE,BANKNIFTY,OPTION,CE,42300,2022-11-24,1,2022-11-18 13:43:14,2022-11-18 13:44:40,329.35,328.5,-0.8500000000000227,86.0,1.4333333333333333
92,BANKNIFTY22112442300PE,BANKNIFTY22112442300PE,BANKNIFTY,OPTION,PE,42300,2022-11-24,1,2022-11-18 13:43:14,2022-11-18 13:44:40,280.9,280.9,0.0,86.0,1.4333333333333333
93,NIFTY22112418300CE,NIFTY22112418300CE,NIFTY,OPTION,CE,18300,2022-11-24,1,2022-11-18 13:44:37,2022-11-18 13:44:40,98.5,98.1,-0.4000000000000057,3.0,0.05
94,NIFTY22112418300PE,NIFTY22112418300PE,NIFTY,OPTION,PE,18300,2022-11-24,1,2022-11-18 13:44:37,2022-11-18 13:44:40,121.55,122.05,0.5,3.0,0.05
95,NIFTY22112418250CE,NIFTY22112418250CE,NIFTY,OPTION,CE,18250,2022-11-24,1,2022-11-18 13:44:40,2022-11-18 13:44:42,125.15,124.9,-0.25,2.0,0.03333333333333333
96,NIFTY22112418250PE,NIFTY22112418250PE,NIFTY,OPTION,PE,18250,2022-11-24,1,2022-11-18 13:44:40,2022-11-18 13:44:42,98.4,99.5,1.0999999999999943,2.0,0.03333333333333333
97,BANKNIFTY22112442400CE,BANKNIFTY22112442400CE,BANKNIFTY,OPTION,CE,42400,2022-11-24,1,2022-11-18 13:44:40,2022-11-18 13:44:43,276.55,275.4,-1.150000000000034,3.0,0.05
98,BANKNIFTY22112442400PE,BANKNIFTY22112442400PE,BANKNIFTY,OPTION,PE,42400,2022-11-24,1,2022-11-18 13:44:40,2022-11-18 13:44:43,329.35,329.95,0.5999999999999659,3.0,0.05
99,NIFTY22112418300CE,NIFTY22112418300CE,NIFTY,OPTION,CE,18300,2022-11-24,1,2022-11-18 13:44:42,2022-11-18 13:44:43,97.85,97.9,0.05000000000001137,1.0,0.016666666666666666
100,NIFTY22112418300PE,NIFTY22112418300PE,NIFTY,OPTION,PE,18300,2022-11-24,1,2022-11-18 13:44:42,2022-11-18 13:44:43,122.45,122.5,0.04999999999999716,1.0,0.016666666666666666
101,NIFTY22112418250CE,NIFTY22112418250CE,NIFTY,OPTION,CE,18250,2022-11-24,1,2022-11-18 13:44:43,2022-11-18 13:45:20,124.5,125.35,0.8499999999999943,37.0,0.6166666666666667
102,NIFTY22112418250PE,NIFTY22112418250PE,NIFTY,OPTION,PE,18250,2022-11-24,1,2022-11-18 13:44:43,2022-11-18 13:45:20,99.05,98.6,-0.45000000000000284,37.0,0.6166666666666667
103,BANKNIFTY22112442300CE,BANKNIFTY22112442300CE,BANKNIFTY,OPTION,CE,42300,2022-11-24,1,2022-11-18 13:44:43,2022-11-18 13:45:24,327.45,328.85,1.400000000000034,41.0,0.6833333333333333
104,BANKNIFTY22112442300PE,BANKNIFTY22112442300PE,BANKNIFTY,OPTION,PE,42300,2022-11-24,1,2022-11-18 13:44:43,2022-11-18 13:45:24,281.7,279.05,-2.6499999999999773,41.0,0.6833333333333333
105,BANKNIFTY22112442400CE,BANKNIFTY22112442400CE,BANKNIFTY,OPTION,CE,42400,2022-11-24,1,2022-11-18 13:45:24,2022-11-18 13:45:30,276.0,274.15,-1.8500000000000227,6.0,0.1
106,BANKNIFTY22112442400PE,BANKNIFTY22112442400PE,BANKNIFTY,OPTION,PE,42400,2022-11-24,1,2022-11-18 13:45:24,2022-11-18 13:45:30,328.95,330.6,1.650000000000034,6.0,0.1
107,BANKNIFTY22112442300CE,BANKNIFTY22112442300CE,BANKNIFTY,OPTION,CE,42300,2022-11-24,1,2022-11-18 13:45:30,2022-11-18 13:46:01,327.3,329.0,1.6999999999999886,31.0,0.5166666666666667
108,BANKNIFTY22112442300PE,BANKNIFTY22112442300PE,BANKNIFTY,OPTION,PE,42300,2022-11-24,1,2022-11-18 13:45:30,2022-11-18 13:46:01,282.3,280.75,-1.5500000000000114,31.0,0.5166666666666667
109,BANKNIFTY22112442400CE,BANKNIFTY22112442400CE,BANKNIFTY,OPTION,CE,42400,2022-11-24,1,2022-11-18 13:46:01,2022-11-18 13:46:02,276.55,277.0,0.44999999999998863,1.0,0.016666666666666666
110,BANKNIFTY22112442400PE,BANKNIFTY22112442400PE,BANKNIFTY,OPTION,PE,42400,2022-11-24,1,2022-11-18 13:46:01,2022-11-18 13:46:02,328.15,328.85,0.7000000000000455,1.0,0.016666666666666666
111,BANKNIFTY22112442300CE,BANKNIFTY22112442300CE,BANKNIFTY,OPTION,CE,42300,2022-11-24,1,2022-11-18 13:46:02,2022-11-18 13:46:08,328.75,329.15,0.39999999999997726,6.0,0.1
112,BANKNIFTY22112442300PE,BANKNIFTY22112442300PE,BANKNIFTY,OPTION,PE,42300,2022-11-24,1,2022-11-18 13:46:02,2022-11-18 13:46:08,280.5,279.95,-0.5500000000000114,6.0,0.1
113,BANKNIFTY22112442400CE,BANKNIFTY22112442400CE,BANKNIFTY,OPTION,CE,42400,2022-11-24,1,2022-11-18 13:46:08,2022-11-18 13:46:10,277.3,276.75,-0.5500000000000114,2.0,0.03333333333333333
114,BANKNIFTY22112442400PE,BANKNIFTY22112442400PE,BANKNIFTY,OPTION,PE,42400,2022-11-24,1,2022-11-18 13:46:08,2022-11-18 13:46:10,327.7,327.85,0.1500000000000341,2.0,0.03333333333333333
115,BANKNIFTY22112442300CE,BANKNIFTY22112442300CE,BANKNIFTY,OPTION,CE,42300,2022-11-24,1,2022-11-18 13:46:10,2022-11-18 13:46:11,329.5,328.9,-0.6000000000000227,1.0,0.016666666666666666
116,BANKNIFTY22112442300PE,BANKNIFTY22112442300PE,BANKNIFTY,OPTION,PE,42300,2022-11-24,1,2022-11-18 13:46:10,2022-11-18 13:46:11,280.75,281.5,0.75,1.0,0.016666666666666666
117,BANKNIFTY22112442400CE,BANKNIFTY22112442400CE,BANKNIFTY,OPTION,CE,42400,2022-11-24,1,2022-11-18 13:46:11,2022-11-18 13:46:13,276.05,276.7,0.6499999999999773,2.0,0.03333333333333333
118,BANKNIFTY22112442400PE,BANKNIFTY22112442400PE,BANKNIFTY,OPTION,PE,42400,2022-11-24,1,2022-11-18 13:46:11,2022-11-18 13:46:13,329.0,328.85,-0.14999999999997726,2.0,0.03333333333333333
119,BANKNIFTY22112442300CE,BANKNIFTY22112442300CE,BANKNIFTY,OPTION,CE,42300,2022-11-24,1,2022-11-18 13:46:13,2022-11-18 13:46:14,328.7,329.75,1.0500000000000114,1.0,0.016666666666666666
120,BANKNIFTY22112442300PE,BANKNIFTY22112442300PE,BANKNIFTY,OPTION,PE,42300,2022-11-24,1,2022-11-18 13:46:13,2022-11-18 13:46:14,280.55,281.15,0.5999999999999659,1.0,0.016666666666666666
121,BANKNIFTY22112442400CE,BANKNIFTY22112442400CE,BANKNIFTY,OPTION,CE,42400,2022-11-24,1,2022-11-18 13:46:14,2022-11-18 13:46:16,277.15,277.05,-0.0999999999999659,2.0,0.03333333333333333
122,BANKNIFTY22112442400PE,BANKNIFTY22112442400PE,BANKNIFTY,OPTION,PE,42400,2022-11-24,1,2022-11-18 13:46:14,2022-11-18 13:46:16,329.15,329.0,-0.14999999999997726,2.0,0.03333333333333333
123,BANKNIFTY22112442300CE,BANKNIFTY22112442300CE,BANKNIFTY,OPTION,CE,42300,2022-11-24,1,2022-11-18 13:46:16,2022-11-18 13:46:19,330.0,330.85,0.8500000000000227,3.0,0.05
124,BANKNIFTY22112442300PE,BANKNIFTY22112442300PE,BANKNIFTY,OPTION,PE,42300,2022-11-24,1,2022-11-18 13:46:16,2022-11-18 13:46:19,280.95,279.85,-1.099999999999966,3.0,0.05
125,BANKNIFTY22112442400CE,BANKNIFTY22112442400CE,BANKNIFTY,OPTION,CE,42400,2022-11-24,1,2022-11-18 13:46:19,2022-11-18 13:46:28,278.75,278.35,-0.39999999999997726,9.0,0.15
126,BANKNIFTY22112442400PE,BANKNIFTY22112442400PE,BANKNIFTY,OPTION,PE,42400,2022-11-24,1,2022-11-18 13:46:19,2022-11-18 13:46:28,326.7,326.05,-0.6499999999999773,9.0,0.15
127,BANKNIFTY22112442300CE,BANKNIFTY22112442300CE,BANKNIFTY,OPTION,CE,42300,2022-11-24,1,2022-11-18 13:46:28,2022-11-18 13:46:30,330.3,330.9,0.5999999999999659,2.0,0.03333333333333333
128,BANKNIFTY22112442300PE,BANKNIFTY22112442300PE,BANKNIFTY,OPTION,PE,42300,2022-11-24,1,2022-11-18 13:46:28,2022-11-18 13:46:30,278.75,278.0,-0.75,2.0,0.03333333333333333
129,BANKNIFTY22112442400CE,BANKNIFTY22112442400CE,BANKNIFTY,OPTION,CE,42400,2022-11-24,1,2022-11-18 13:46:30,2022-11-18 13:47:12,278.0,276.5,-1.5,42.0,0.7
130,BANKNIFTY22112442400PE,BANKNIFTY22112442400PE,BANKNIFTY,OPTION,PE,42400,2022-11-24,1,2022-11-18 13:46:30,2022-11-18 13:47:12,325.4,329.2,3.8000000000000114,42.0,0.7
131,NIFTY22112418300CE,NIFTY22112418300CE,NIFTY,OPTION,CE,18300,2022-11-24,1,2022-11-18 13:45:20,2022-11-18 13:47:38,98.5,98.55,0.04999999999999716,138.0,2.3
132,NIFTY22112418300PE,NIFTY22112418300PE,NIFTY,OPTION,PE,18300,2022-11-24,1,2022-11-18 13:45:20,2022-11-18 13:47:38,122.0,123.85,1.8499999999999943,138.0,2.3
133,NIFTY22112418250CE,NIFTY22112418250CE,NIFTY,OPTION,CE,18250,2022-11-24,1,2022-11-18 13:47:38,2022-11-18 13:47:52,125.35,126.0,0.6500000000000057,14.0,0.23333333333333334
134,NIFTY22112418250PE,NIFTY22112418250PE,NIFTY,OPTION,PE,18250,2022-11-24,1,2022-11-18 13:47:38,2022-11-18 13:47:52,100.55,100.0,-0.5499999999999972,14.0,0.23333333333333334
135,NIFTY22112418300CE,NIFTY22112418300CE,NIFTY,OPTION,CE,18300,2022-11-24,1,2022-11-18 13:47:52,2022-11-18 13:47:54,99.25,99.2,-0.04999999999999716,2.0,0.03333333333333333
136,NIFTY22112418300PE,NIFTY22112418300PE,NIFTY,OPTION,PE,18300,2022-11-24,1,2022-11-18 13:47:52,2022-11-18 13:47:54,123.6,122.95,-0.6499999999999915,2.0,0.03333333333333333
137,NIFTY22112418250CE,NIFTY22112418250CE,NIFTY,OPTION,CE,18250,2022-11-24,1,2022-11-18 13:47:54,2022-11-18 13:47:55,126.35,126.35,0.0,1.0,0.016666666666666666
138,NIFTY22112418250PE,NIFTY22112418250PE,NIFTY,OPTION,PE,18250,2022-11-24,1,2022-11-18 13:47:54,2022-11-18 13:47:55,99.3,99.65,0.3500000000000085,1.0,0.016666666666666666
139,NIFTY22112418300CE,NIFTY22112418300CE,NIFTY,OPTION,CE,18300,2022-11-24,1,2022-11-18 13:47:55,2022-11-18 13:47:56,99.2,99.2,0.0,1.0,0.016666666666666666
140,NIFTY22112418300PE,NIFTY22112418300PE,NIFTY,OPTION,PE,18300,2022-11-24,1,2022-11-18 13:47:55,2022-11-18 13:47:56,123.2,122.95,-0.25,1.0,0.016666666666666666
141,NIFTY22112418250CE,NIFTY22112418250CE,NIFTY,OPTION,CE,18250,2022-11-24,1,2022-11-18 13:47:56,2022-11-18 13:47:57,126.05,126.4,0.3500000000000085,1.0,0.016666666666666666
142,NIFTY22112418250PE,NIFTY22112418250PE,NIFTY,OPTION,PE,18250,2022-11-24,1,2022-11-18 13:47:56,2022-11-18 13:47:57,99.4,99.25,-0.15000000000000568,1.0,0.016666666666666666
143,NIFTY22112418300CE,NIFTY22112418300CE,NIFTY,OPTION,CE,18300,2022-11-24,1,2022-11-18 13:47:57,2022-11-18 13:47:58,99.35,99.05,-0.29999999999999716,1.0,0.016666666666666666
144,NIFTY22112418300PE,NIFTY22112418300PE,NIFTY,OPTION,PE,18300,2022-11-24,1,2022-11-18 13:47:57,2022-11-18 13:47:58,122.7,123.0,0.29999999999999716,1.0,0.016666666666666666
145,NIFTY22112418250CE,NIFTY22112418250CE,NIFTY,OPTION,CE,18250,2022-11-24,1,2022-11-18 13:47:58,2022-11-18 13:48:00,125.8,126.2,0.4000000000000057,2.0,0.03333333333333333
146,NIFTY22112418250PE,NIFTY22112418250PE,NIFTY,OPTION,PE,18250,2022-11-24,1,2022-11-18 13:47:58,2022-11-18 13:48:00,99.65,99.15,-0.5,2.0,0.03333333333333333
147,NIFTY22112418300CE,NIFTY22112418300CE,NIFTY,OPTION,CE,18300,2022-11-24,1,2022-11-18 13:48:00,2022-11-18 13:48:01,99.55,99.25,-0.29999999999999716,1.0,0.016666666666666666
148,NIFTY22112418300PE,NIFTY22112418300PE,NIFTY,OPTION,PE,18300,2022-11-24,1,2022-11-18 13:48:00,2022-11-18 13:48:01,122.85,123.2,0.3500000000000085,1.0,0.016666666666666666
149,NIFTY22112418250CE,NIFTY22112418250CE,NIFTY,OPTION,CE,18250,2022-11-24,1,2022-11-18 13:48:01,2022-11-18 13:48:02,126.05,126.2,0.15000000000000568,1.0,0.016666666666666666
150,NIFTY22112418250PE,NIFTY22112418250PE,NIFTY,OPTION,PE,18250,2022-11-24,1,2022-11-18 13:48:01,2022-11-18 13:48:02,99.4,99.4,0.0,1.0,0.016666666666666666
151,NIFTY22112418300CE,NIFTY22112418300CE,NIFTY,OPTION,CE,18300,2022-11-24,1,2022-11-18 13:48:02,2022-11-18 13:48:03,99.2,99.2,0.0,1.0,0.016666666666666666
152,NIFTY22112418300PE,NIFTY22112418300PE,NIFTY,OPTION,PE,18300,2022-11-24,1,2022-11-18 13:48:02,2022-11-18 13:48:03,123.2,123.2,0.0,1.0,0.016666666666666666
153,NIFTY22112418250CE,NIFTY22112418250CE,NIFTY,OPTION,CE,18250,2022-11-24,1,2022-11-18 13:48:03,2022-11-18 13:48:04,125.85,125.85,0.0,1.0,0.016666666666666666
154,NIFTY22112418250PE,NIFTY22112418250PE,NIFTY,OPTION,PE,18250,2022-11-24,1,2022-11-18 13:48:03,2022-11-18 13:48:04,99.75,99.7,-0.04999999999999716,1.0,0.016666666666666666
155,NIFTY22112418300CE,NIFTY22112418300CE,NIFTY,OPTION,CE,18300,2022-11-24,1,2022-11-18 13:48:04,2022-11-18 13:48:10,99.2,99.15,-0.04999999999999716,6.0,0.1
156,NIFTY22112418300PE,NIFTY22112418300PE,NIFTY,OPTION,PE,18300,2022-11-24,1,2022-11-18 13:48:04,2022-11-18 13:48:10,122.95,123.1,0.14999999999999147,6.0,0.1
157,NIFTY22112418250CE,NIFTY22112418250CE,NIFTY,OPTION,CE,18250,2022-11-24,1,2022-11-18 13:48:10,2022-11-18 13:48:11,125.85,126.05,0.20000000000000284,1.0,0.016666666666666666
158,NIFTY22112418250PE,NIFTY22112418250PE,NIFTY,OPTION,PE,18250,2022-11-24,1,2022-11-18 13:48:10,2022-11-18 13:48:11,99.5,99.1,-0.4000000000000057,1.0,0.016666666666666666
159,NIFTY22112418300CE,NIFTY22112418300CE,NIFTY,OPTION,CE,18300,2022-11-24,1,2022-11-18 13:48:11,2022-11-18 13:49:04,99.3,99.4,0.10000000000000853,53.0,0.8833333333333333
160,NIFTY22112418300PE,NIFTY22112418300PE,NIFTY,OPTION,PE,18300,2022-11-24,1,2022-11-18 13:48:11,2022-11-18 13:49:04,123.0,123.3,0.29999999999999716,53.0,0.8833333333333333
161,NIFTY22112418250CE,NIFTY22112418250CE,NIFTY,OPTION,CE,18250,2022-11-24,1,2022-11-18 13:49:04,2022-11-18 13:49:06,126.35,126.35,0.0,2.0,0.03333333333333333
162,NIFTY22112418250PE,NIFTY22112418250PE,NIFTY,OPTION,PE,18250,2022-11-24,1,2022-11-18 13:49:04,2022-11-18 13:49:06,99.8,99.7,-0.09999999999999432,2.0,0.03333333333333333
163,NIFTY22112418300CE,NIFTY22112418300CE,NIFTY,OPTION,CE,18300,2022-11-24,1,2022-11-18 13:49:06,2022-11-18 13:49:07,99.4,99.4,0.0,1.0,0.016666666666666666
164,NIFTY22112418300PE,NIFTY22112418300PE,NIFTY,OPTION,PE,18300,2022-11-24,1,2022-11-18 13:49:06,2022-11-18 13:49:07,123.0,123.05,0.04999999999999716,1.0,0.016666666666666666
165,NIFTY22112418250CE,NIFTY22112418250CE,NIFTY,OPTION,CE,18250,2022-11-24,1,2022-11-18 13:49:07,2022-11-18 13:49:08,126.35,126.55,0.20000000000000284,1.0,0.016666666666666666
166,NIFTY22112418250PE,NIFTY22112418250PE,NIFTY,OPTION,PE,18250,2022-11-24,1,2022-11-18 13:49:07,2022-11-18 13:49:08,99.5,99.2,-0.29999999999999716,1.0,0.016666666666666666
167,NIFTY22112418300CE,NIFTY22112418300CE,NIFTY,OPTION,CE,18300,2022-11-24,1,2022-11-18 13:49:08,2022-11-18 13:49:09,99.6,99.75,0.15000000000000568,1.0,0.016666666666666666
168,NIFTY22112418300PE,NIFTY22112418300PE,NIFTY,OPTION,PE,18300,2022-11-24,1,2022-11-18 13:49:08,2022-11-18 13:49:09,122.95,122.85,-0.10000000000000853,1.0,0.016666666666666666
169,NIFTY22112418250CE,NIFTY22112418250CE,NIFTY,OPTION,CE,18250,2022-11-24,1,2022-11-18 13:49:09,2022-11-18 13:49:10,126.6,127.0,0.4000000000000057,1.0,0.016666666666666666
170,NIFTY22112418250PE,NIFTY22112418250PE,NIFTY,OPTION,PE,18250,2022-11-24,1,2022-11-18 13:49:09,2022-11-18 13:49:10,99.35,99.35,0.0,1.0,0.016666666666666666
171,NIFTY22112418300CE,NIFTY22112418300CE,NIFTY,OPTION,CE,18300,2022-11-24,1,2022-11-18 13:49:10,2022-11-18 13:49:13,99.75,99.7,-0.04999999999999716,3.0,0.05
172,NIFTY22112418300PE,NIFTY22112418300PE,NIFTY,OPTION,PE,18300,2022-11-24,1,2022-11-18 13:49:10,2022-11-18 13:49:13,122.7,122.95,0.25,3.0,0.05
173,NIFTY22112418250CE,NIFTY22112418250CE,NIFTY,OPTION,CE,18250,2022-11-24,1,2022-11-18 13:49:13,2022-11-18 13:49:16,126.9,127.1,0.19999999999998863,3.0,0.05
174,NIFTY22112418250PE,NIFTY22112418250PE,NIFTY,OPTION,PE,18250,2022-11-24,1,2022-11-18 13:49:13,2022-11-18 13:49:16,99.2,98.6,-0.6000000000000085,3.0,0.05
175,NIFTY22112418300CE,NIFTY22112418300CE,NIFTY,OPTION,CE,18300,2022-11-24,1,2022-11-18 13:49:16,2022-11-18 13:49:53,100.35,99.25,-1.0999999999999943,37.0,0.6166666666666667
176,NIFTY22112418300PE,NIFTY22112418300PE,NIFTY,OPTION,PE,18300,2022-11-24,1,2022-11-18 13:49:16,2022-11-18 13:49:53,121.9,123.9,2.0,37.0,0.6166666666666667
177,NIFTY22112418250CE,NIFTY22112418250CE,NIFTY,OPTION,CE,18250,2022-11-24,1,2022-11-18 13:49:53,2022-11-18 13:50:00,126.25,126.8,0.5499999999999972,7.0,0.11666666666666667
178,NIFTY22112418250PE,NIFTY22112418250PE,NIFTY,OPTION,PE,18250,2022-11-24,1,2022-11-18 13:49:53,2022-11-18 13:50:00,100.4,99.55,-0.8500000000000085,7.0,0.11666666666666667
179,NIFTY22112418300CE,NIFTY22112418300CE,NIFTY,OPTION,CE,18300,2022-11-24,1,2022-11-18 13:50:00,2022-11-18 13:50:01,99.6,99.35,-0.25,1.0,0.016666666666666666
180,NIFTY22112418300PE,NIFTY22112418300PE,NIFTY,OPTION,PE,18300,2022-11-24,1,2022-11-18 13:50:00,2022-11-18 13:50:01,123.25,123.75,0.5,1.0,0.016666666666666666
181,NIFTY22112418250CE,NIFTY22112418250CE,NIFTY,OPTION,CE,18250,2022-11-24,1,2022-11-18 13:50:01,2022-11-18 13:50:10,126.25,125.65,-0.5999999999999943,9.0,0.15
182,NIFTY22112418250PE,NIFTY22112418250PE,NIFTY,OPTION,PE,18250,2022-11-24,1,2022-11-18 13:50:01,2022-11-18 13:50:10,100.15,100.4,0.25,9.0,0.15
183,NIFTY22112418300CE,NIFTY22112418300CE,NIFTY,OPTION,CE,18300,2022-11-24,1,2022-11-18 13:50:10,2022-11-18 13:50:14,98.9,99.0,0.09999999999999432,4.0,0.06666666666666667
184,NIFTY22112418300PE,NIFTY22112418300PE,NIFTY,OPTION,PE,18300,2022-11-24,1,2022-11-18 13:50:10,2022-11-18 13:50:14,124.2,123.55,-0.6500000000000057,4.0,0.06666666666666667
185,NIFTY22112418250CE,NIFTY22112418250CE,NIFTY,OPTION,CE,18250,2022-11-24,1,2022-11-18 13:50:14,2022-11-18 13:50:16,125.9,126.4,0.5,2.0,0.03333333333333333
186,NIFTY22112418250PE,NIFTY22112418250PE,NIFTY,OPTION,PE,18250,2022-11-24,1,2022-11-18 13:50:14,2022-11-18 13:50:16,100.15,99.9,-0.25,2.0,0.03333333333333333
187,NIFTY22112418300CE,NIFTY22112418300CE,NIFTY,OPTION,CE,18300,2022-11-24,1,2022-11-18 13:50:16,2022-11-18 13:50:17,99.45,99.2,-0.25,1.0,0.016666666666666666
188,NIFTY22112418300PE,NIFTY22112418300PE,NIFTY,OPTION,PE,18300,2022-11-24,1,2022-11-18 13:50:16,2022-11-18 13:50:17,123.5,123.0,-0.5,1.0,0.016666666666666666
189,NIFTY22112418250CE,NIFTY22112418250CE,NIFTY,OPTION,CE,18250,2022-11-24,1,2022-11-18 13:50:17,2022-11-18 13:50:19,126.0,126.95,0.9500000000000028,2.0,0.03333333333333333
190,NIFTY22112418250PE,NIFTY22112418250PE,NIFTY,OPTION,PE,18250,2022-11-24,1,2022-11-18 13:50:17,2022-11-18 13:50:19,99.75,99.25,-0.5,2.0,0.03333333333333333
191,BANKNIFTY22112442300CE,BANKNIFTY22112442300CE,BANKNIFTY,OPTION,CE,42300,2022-11-24,1,2022-11-18 13:47:12,2022-11-18 13:50:55,329.05,331.15,2.099999999999966,223.0,3.716666666666667
192,BANKNIFTY22112442300PE,BANKNIFTY22112442300PE,BANKNIFTY,OPTION,PE,42300,2022-11-24,1,2022-11-18 13:47:12,2022-11-18 13:50:55,281.05,281.75,0.6999999999999886,223.0,3.716666666666667
193,BANKNIFTY22112442400CE,BANKNIFTY22112442400CE,BANKNIFTY,OPTION,CE,42400,2022-11-24,1,2022-11-18 13:50:55,2022-11-18 13:50:56,278.4,278.4,0.0,1.0,0.016666666666666666
194,BANKNIFTY22112442400PE,BANKNIFTY22112442400PE,BANKNIFTY,OPTION,PE,42400,2022-11-24,1,2022-11-18 13:50:55,2022-11-18 13:50:56,330.0,328.5,-1.5,1.0,0.016666666666666666
195,BANKNIFTY22112442300CE,BANKNIFTY22112442300CE,BANKNIFTY,OPTION,CE,42300,2022-11-24,1,2022-11-18 13:50:56,2022-11-18 13:50:59,331.45,331.9,0.44999999999998863,3.0,0.05
196,BANKNIFTY22112442300PE,BANKNIFTY22112442300PE,BANKNIFTY,OPTION,PE,42300,2022-11-24,1,2022-11-18 13:50:56,2022-11-18 13:50:59,281.0,280.0,-1.0,3.0,0.05
197,BANKNIFTY22112442400CE,BANKNIFTY22112442400CE,BANKNIFTY,OPTION,CE,42400,2022-11-24,1,2022-11-18 13:50:59,2022-11-18 13:51:06,279.45,278.1,-1.349999999999966,7.0,0.11666666666666667
198,BANKNIFTY22112442400PE,BANKNIFTY22112442400PE,BANKNIFTY,OPTION,PE,42400,2022-11-24,1,2022-11-18 13:50:59,2022-11-18 13:51:06,327.5,328.65,1.1499999999999773,7.0,0.11666666666666667
199,BANKNIFTY22112442300CE,BANKNIFTY22112442300CE,BANKNIFTY,OPTION,CE,42300,2022-11-24,1,2022-11-18 13:51:06,2022-11-18 13:51:09,330.8,330.15,-0.6500000000000341,3.0,0.05
200,BANKNIFTY22112442300PE,BANKNIFTY22112442300PE,BANKNIFTY,OPTION,PE,42300,2022-11-24,1,2022-11-18 13:51:06,2022-11-18 13:51:09,281.85,282.45,0.5999999999999659,3.0,0.05
201,BANKNIFTY22112442400CE,BANKNIFTY22112442400CE,BANKNIFTY,OPTION,CE,42400,2022-11-24,1,2022-11-18 13:51:09,2022-11-18 13:51:13,277.7,278.85,1.150000000000034,4.0,0.06666666666666667
202,BANKNIFTY22112442400PE,BANKNIFTY22112442400PE,BANKNIFTY,OPTION,PE,42400,2022-11-24,1,2022-11-18 13:51:09,2022-11-18 13:51:13,330.75,328.9,-1.8500000000000227,4.0,0.06666666666666667
203,BANKNIFTY22112442300CE,BANKNIFTY22112442300CE,BANKNIFTY,OPTION,CE,42300,2022-11-24,1,2022-11-18 13:51:13,2022-11-18 13:52:09,331.05,332.6,1.5500000000000114,56.0,0.9333333333333333
204,BANKNIFTY22112442300PE,BANKNIFTY22112442300PE,BANKNIFTY,OPTION,PE,42300,2022-11-24,1,2022-11-18 13:51:13,2022-11-18 13:52:09,281.0,278.9,-2.1000000000000227,56.0,0.9333333333333333
205,BANKNIFTY22112442400CE,BANKNIFTY22112442400CE,BANKNIFTY,OPTION,CE,42400,2022-11-24,1,2022-11-18 13:52:09,2022-11-18 13:52:26,280.0,278.55,-1.4499999999999886,17.0,0.2833333333333333
206,BANKNIFTY22112442400PE,BANKNIFTY22112442400PE,BANKNIFTY,OPTION,PE,42400,2022-11-24,1,2022-11-18 13:52:09,2022-11-18 13:52:26,326.8,328.6,1.8000000000000114,17.0,0.2833333333333333
207,BANKNIFTY22112442300CE,BANKNIFTY22112442300CE,BANKNIFTY,OPTION,CE,42300,2022-11-24,1,2022-11-18 13:52:26,2022-11-18 13:52:28,331.25,331.25,0.0,2.0,0.03333333333333333
208,BANKNIFTY22112442300PE,BANKNIFTY22112442300PE,BANKNIFTY,OPTION,PE,42300,2022-11-24,1,2022-11-18 13:52:26,2022-11-18 13:52:28,280.95,280.35,-0.5999999999999659,2.0,0.03333333333333333
209,BANKNIFTY22112442400CE,BANKNIFTY22112442400CE,BANKNIFTY,OPTION,CE,42400,2022-11-24,1,2022-11-18 13:52:28,2022-11-18 13:52:54,279.4,278.35,-1.0499999999999545,26.0,0.43333333333333335
210,BANKNIFTY22112442400PE,BANKNIFTY22112442400PE,BANKNIFTY,OPTION,PE,42400,2022-11-24,1,2022-11-18 13:52:28,2022-11-18 13:52:54,327.75,329.0,1.25,26.0,0.43333333333333335
211,NIFTY22112418300CE,NIFTY22112418300CE,NIFTY,OPTION,CE,18300,2022-11-24,1,2022-11-18 13:50:19,2022-11-18 13:53:14,99.7,99.25,-0.45000000000000284,175.0,2.9166666666666665
212,NIFTY22112418300PE,NIFTY22112418300PE,NIFTY,OPTION,PE,18300,2022-11-24,1,2022-11-18 13:50:19,2022-11-18 13:53:14,122.7,124.1,1.3999999999999915,175.0,2.9166666666666665
213,NIFTY22112418250CE,NIFTY22112418250CE,NIFTY,OPTION,CE,18250,2022-11-24,1,2022-11-18 13:53:14,2022-11-18 14:08:09,126.0,124.05,-1.9500000000000028,895.0,14.916666666666666
214,NIFTY22112418250PE,NIFTY22112418250PE,NIFTY,OPTION,PE,18250,2022-11-24,1,2022-11-18 13:53:14,2022-11-18 14:08:09,100.5,98.05,-2.450000000000003,895.0,14.916666666666666
215,NIFTY22112418300CE,NIFTY22112418300CE,NIFTY,OPTION,CE,18300,2022-11-24,1,2022-11-18 14:08:09,2022-11-18 14:08:16,97.25,97.05,-0.20000000000000284,7.0,0.11666666666666667
216,NIFTY22112418300PE,NIFTY22112418300PE,NIFTY,OPTION,PE,18300,2022-11-24,1,2022-11-18 14:08:09,2022-11-18 14:08:16,121.95,123.0,1.0499999999999972,7.0,0.11666666666666667
217,NIFTY22112418250CE,NIFTY22112418250CE,NIFTY,OPTION,CE,18250,2022-11-24,1,2022-11-18 14:08:16,2022-11-18 14:09:50,123.8,124.75,0.9500000000000028,94.0,1.5666666666666667
218,NIFTY22112418250PE,NIFTY22112418250PE,NIFTY,OPTION,PE,18250,2022-11-24,1,2022-11-18 14:08:16,2022-11-18 14:09:50,98.9,98.55,-0.3500000000000085,94.0,1.5666666666666667
219,NIFTY22112418300CE,NIFTY22112418300CE,NIFTY,OPTION,CE,18300,2022-11-24,1,2022-11-18 14:09:50,2022-11-18 14:10:04,97.8,97.2,-0.5999999999999943,14.0,0.23333333333333334
220,NIFTY22112418300PE,NIFTY22112418300PE,NIFTY,OPTION,PE,18300,2022-11-24,1,2022-11-18 14:09:50,2022-11-18 14:10:04,122.0,123.4,1.4000000000000057,14.0,0.23333333333333334
221,NIFTY22112418250CE,NIFTY22112418250CE,NIFTY,OPTION,CE,18250,2022-11-24,1,2022-11-18 14:10:04,2022-11-18 14:10:06,123.9,124.25,0.3499999999999943,2.0,0.03333333333333333
222,NIFTY22112418250PE,NIFTY22112418250PE,NIFTY,OPTION,PE,18250,2022-11-24,1,2022-11-18 14:10:04,2022-11-18 14:10:06,99.45,99.05,-0.4000000000000057,2.0,0.03333333333333333
223,NIFTY22112418300CE,NIFTY22112418300CE,NIFTY,OPTION,CE,18300,2022-11-24,1,2022-11-18 14:10:06,2022-11-18 14:10:12,97.6,97.55,-0.04999999999999716,6.0,0.1
224,NIFTY22112418300PE,NIFTY22112418300PE,NIFTY,OPTION,PE,18300,2022-11-24,1,2022-11-18 14:10:06,2022-11-18 14:10:12,122.5,122.45,-0.04999999999999716,6.0,0.1
225,NIFTY22112418250CE,NIFTY22112418250CE,NIFTY,OPTION,CE,18250,2022-11-24,1,2022-11-18 14:10:12,2022-11-18 14:10:13,124.1,124.1,0.0,1.0,0.016666666666666666
226,NIFTY22112418250PE,NIFTY22112418250PE,NIFTY,OPTION,PE,18250,2022-11-24,1,2022-11-18 14:10:12,2022-11-18 14:10:13,98.85,99.1,0.25,1.0,0.016666666666666666
227,NIFTY22112418300CE,NIFTY22112418300CE,NIFTY,OPTION,CE,18300,2022-11-24,1,2022-11-18 14:10:13,2022-11-18 14:10:32,97.6,97.7,0.10000000000000853,19.0,0.31666666666666665
228,NIFTY22112418300PE,NIFTY22112418300PE,NIFTY,OPTION,PE,18300,2022-11-24,1,2022-11-18 14:10:13,2022-11-18 14:10:32,123.0,122.5,-0.5,19.0,0.31666666666666665
229,NIFTY22112418250CE,NIFTY22112418250CE,NIFTY,OPTION,CE,18250,2022-11-24,1,2022-11-18 14:10:32,2022-11-18 14:10:34,124.4,124.85,0.44999999999998863,2.0,0.03333333333333333
230,NIFTY22112418250PE,NIFTY22112418250PE,NIFTY,OPTION,PE,18250,2022-11-24,1,2022-11-18 14:10:32,2022-11-18 14:10:34,98.85,98.6,-0.25,2.0,0.03333333333333333
231,NIFTY22112418300CE,NIFTY22112418300CE,NIFTY,OPTION,CE,18300,2022-11-24,1,2022-11-18 14:10:34,2022-11-18 14:11:59,98.1,96.55,-1.5499999999999972,85.0,1.4166666666666667
232,NIFTY22112418300PE,NIFTY22112418300PE,NIFTY,OPTION,PE,18300,2022-11-24,1,2022-11-18 14:10:34,2022-11-18 14:11:59,122.3,123.5,1.2000000000000028,85.0,1.4166666666666667
233,NIFTY22112418250CE,NIFTY22112418250CE,NIFTY,OPTION,CE,18250,2022-11-24,1,2022-11-18 14:11:59,2022-11-18 14:18:18,123.15,124.35,1.1999999999999886,379.0,6.316666666666666
234,NIFTY22112418250PE,NIFTY22112418250PE,NIFTY,OPTION,PE,18250,2022-11-24,1,2022-11-18 14:11:59,2022-11-18 14:18:18,99.65,98.9,-0.75,379.0,6.316666666666666
235,NIFTY22112418300CE,NIFTY22112418300CE,NIFTY,OPTION,CE,18300,2022-11-24,1,2022-11-18 14:18:18,2022-11-18 14:18:20,97.4,97.15,-0.25,2.0,0.03333333333333333
236,NIFTY22112418300PE,NIFTY22112418300PE,NIFTY,OPTION,PE,18300,2022-11-24,1,2022-11-18 14:18:18,2022-11-18 14:18:20,122.45,122.6,0.14999999999999147,2.0,0.03333333333333333
237,NIFTY22112418250CE,NIFTY22112418250CE,NIFTY,OPTION,CE,18250,2022-11-24,1,2022-11-18 14:18:20,2022-11-18 14:18:51,124.2,124.35,0.14999999999999147,31.0,0.5166666666666667
238,NIFTY22112418250PE,NIFTY22112418250PE,NIFTY,OPTION,PE,18250,2022-11-24,1,2022-11-18 14:18:20,2022-11-18 14:18:51,99.15,99.0,-0.15000000000000568,31.0,0.5166666666666667
239,NIFTY22112418300CE,NIFTY22112418300CE,NIFTY,OPTION,CE,18300,2022-11-24,1,2022-11-18 14:18:51,2022-11-18 14:19:03,97.65,97.55,-0.10000000000000853,12.0,0.2
240,NIFTY22112418300PE,NIFTY22112418300PE,NIFTY,OPTION,PE,18300,2022-11-24,1,2022-11-18 14:18:51,2022-11-18 14:19:03,122.75,123.4,0.6500000000000057,12.0,0.2
241,NIFTY22112418250CE,NIFTY22112418250CE,NIFTY,OPTION,CE,18250,2022-11-24,1,2022-11-18 14:19:03,2022-11-18 14:23:03,124.6,125.2,0.6000000000000085,240.0,4.0
242,NIFTY22112418250PE,NIFTY22112418250PE,NIFTY,OPTION,PE,18250,2022-11-24,1,2022-11-18 14:19:03,2022-11-18 14:23:03,99.0,96.75,-2.25,240.0,4.0
243,NIFTY22112418300CE,NIFTY22112418300CE,NIFTY,OPTION,CE,18300,2022-11-24,1,2022-11-18 14:23:03,2022-11-18 14:23:35,98.1,97.5,-0.5999999999999943,32.0,0.5333333333333333
244,NIFTY22112418300PE,NIFTY22112418300PE,NIFTY,OPTION,PE,18300,2022-11-24,1,2022-11-18 14:23:03,2022-11-18 14:23:35,120.4,120.85,0.44999999999998863,32.0,0.5333333333333333
245,NIFTY22112418250CE,NIFTY22112418250CE,NIFTY,OPTION,CE,18250,2022-11-24,1,2022-11-18 14:23:35,2022-11-18 14:23:37,124.4,124.5,0.09999999999999432,2.0,0.03333333333333333
246,NIFTY22112418250PE,NIFTY22112418250PE,NIFTY,OPTION,PE,18250,2022-11-24,1,2022-11-18 14:23:35,2022-11-18 14:23:37,97.5,97.3,-0.20000000000000284,2.0,0.03333333333333333
247,NIFTY22112418300CE,NIFTY22112418300CE,NIFTY,OPTION,CE,18300,2022-11-24,1,2022-11-18 14:23:37,2022-11-18 14:23:50,97.5,97.6,0.09999999999999432,13.0,0.21666666666666667
248,NIFTY22112418300PE,NIFTY22112418300PE,NIFTY,OPTION,PE,18300,2022-11-24,1,2022-11-18 14:23:37,2022-11-18 14:23:50,121.05,121.2,0.15000000000000568,13.0,0.21666666666666667
249,NIFTY22112418250CE,NIFTY22112418250CE,NIFTY,OPTION,CE,18250,2022-11-24,1,2022-11-18 14:23:50,2022-11-18 14:23:51,124.45,124.35,-0.10000000000000853,1.0,0.016666666666666666
250,NIFTY22112418250PE,NIFTY22112418250PE,NIFTY,OPTION,PE,18250,2022-11-24,1,2022-11-18 14:23:50,2022-11-18 14:23:51,97.55,97.1,-0.45000000000000284,1.0,0.016666666666666666
251,BANKNIFTY22112442300CE,BANKNIFTY22112442300CE,BANKNIFTY,OPTION,CE,42300,2022-11-24,1,2022-11-18 13:52:54,2022-11-18 14:23:55,330.1,324.0,-6.100000000000023,1861.0,31.016666666666666
252,BANKNIFTY22112442300PE,BANKNIFTY22112442300PE,BANKNIFTY,OPTION,PE,42300,2022-11-24,1,2022-11-18 13:52:54,2022-11-18 14:23:55,281.45,272.6,-8.849999999999966,1861.0,31.016666666666666
253,NIFTY22112418300CE,NIFTY22112418300CE,NIFTY,OPTION,CE,18300,2022-11-24,1,2022-11-18 14:23:51,2022-11-18 14:40:14,97.55,118.85,21.299999999999997,983.0,16.383333333333333
254,NIFTY22112418300PE,NIFTY22112418300PE,NIFTY,OPTION,PE,18300,2022-11-24,1,2022-11-18 14:23:51,2022-11-18 14:40:14,120.8,92.25,-28.549999999999997,983.0,16.383333333333333
255,NIFTY22112418350CE,NIFTY22112418350CE,NIFTY,OPTION,CE,18350,2022-11-24,1,2022-11-18 14:40:14,2022-11-18 14:40:22,92.4,91.65,-0.75,8.0,0.13333333333333333
256,NIFTY22112418350PE,NIFTY22112418350PE,NIFTY,OPTION,PE,18350,2022-11-24,1,2022-11-18 14:40:14,2022-11-18 14:40:22,115.2,116.15,0.9500000000000028,8.0,0.13333333333333333
257,NIFTY22112418300CE,NIFTY22112418300CE,NIFTY,OPTION,CE,18300,2022-11-24,1,2022-11-18 14:40:22,2022-11-18 14:40:24,117.7,118.35,0.6499999999999915,2.0,0.03333333333333333
258,NIFTY22112418300PE,NIFTY22112418300PE,NIFTY,OPTION,PE,18300,2022-11-24,1,2022-11-18 14:40:22,2022-11-18 14:40:24,93.1,92.7,-0.3999999999999915,2.0,0.03333333333333333
259,NIFTY22112418350CE,NIFTY22112418350CE,NIFTY,OPTION,CE,18350,2022-11-24,1,2022-11-18 14:40:24,2022-11-18 14:40:28,91.95,91.75,-0.20000000000000284,4.0,0.06666666666666667
260,NIFTY22112418350PE,NIFTY22112418350PE,NIFTY,OPTION,PE,18350,2022-11-24,1,2022-11-18 14:40:24,2022-11-18 14:40:28,115.8,116.35,0.5499999999999972,4.0,0.06666666666666667
261,NIFTY22112418300CE,NIFTY22112418300CE,NIFTY,OPTION,CE,18300,2022-11-24,1,2022-11-18 14:40:28,2022-11-18 14:40:29,117.95,117.95,0.0,1.0,0.016666666666666666
262,NIFTY22112418300PE,NIFTY22112418300PE,NIFTY,OPTION,PE,18300,2022-11-24,1,2022-11-18 14:40:28,2022-11-18 14:40:29,92.95,92.95,0.0,1.0,0.016666666666666666
263,NIFTY22112418350CE,NIFTY22112418350CE,NIFTY,OPTION,CE,18350,2022-11-24,1,2022-11-18 14:40:29,2022-11-18 14:40:31,91.5,91.15,-0.3499999999999943,2.0,0.03333333333333333
264,NIFTY22112418350PE,NIFTY22112418350PE,NIFTY,OPTION,PE,18350,2022-11-24,1,2022-11-18 14:40:29,2022-11-18 14:40:31,116.35,117.0,0.6500000000000057,2.0,0.03333333333333333
265,BANKNIFTY22112442400CE,BANKNIFTY22112442400CE,BANKNIFTY,OPTION,CE,42400,2022-11-24,1,2022-11-18 14:23:55,2022-11-18 14:45:02,272.25,311.8,39.55000000000001,1267.0,21.116666666666667
266,BANKNIFTY22112442400PE,BANKNIFTY22112442400PE,BANKNIFTY,OPTION,PE,42400,2022-11-24,1,2022-11-18 14:23:55,2022-11-18 14:45:02,320.75,266.1,-54.64999999999998,1267.0,21.116666666666667
267,BANKNIFTY22112442500CE,BANKNIFTY22112442500CE,BANKNIFTY,OPTION,CE,42500,2022-11-24,1,2022-11-18 14:45:02,2022-11-18 14:45:09,260.7,259.1,-1.599999999999966,7.0,0.11666666666666667
268,BANKNIFTY22112442500PE,BANKNIFTY22112442500PE,BANKNIFTY,OPTION,PE,42500,2022-11-24,1,2022-11-18 14:45:02,2022-11-18 14:45:09,316.1,318.15,2.0499999999999545,7.0,0.11666666666666667
269,BANKNIFTY22112442400CE,BANKNIFTY22112442400CE,BANKNIFTY,OPTION,CE,42400,2022-11-24,1,2022-11-18 14:45:09,2022-11-18 14:45:11,310.0,310.5,0.5,2.0,0.03333333333333333
270,BANKNIFTY22112442400PE,BANKNIFTY22112442400PE,BANKNIFTY,OPTION,PE,42400,2022-11-24,1,2022-11-18 14:45:09,2022-11-18 14:45:11,269.25,268.0,-1.25,2.0,0.03333333333333333
271,BANKNIFTY22112442500CE,BANKNIFTY22112442500CE,BANKNIFTY,OPTION,CE,42500,2022-11-24,1,2022-11-18 14:45:11,2022-11-18 14:45:19,259.5,258.4,-1.1000000000000227,8.0,0.13333333333333333
272,BANKNIFTY22112442500PE,BANKNIFTY22112442500PE,BANKNIFTY,OPTION,PE,42500,2022-11-24,1,2022-11-18 14:45:11,2022-11-18 14:45:19,317.15,320.4,3.25,8.0,0.13333333333333333
273,NIFTY22112418300CE,NIFTY22112418300CE,NIFTY,OPTION,CE,18300,2022-11-24,1,2022-11-18 14:40:31,2022-11-18 14:51:50,117.65,119.85,2.1999999999999886,679.0,11.316666666666666
274,NIFTY22112418300PE,NIFTY22112418300PE,NIFTY,OPTION,PE,18300,2022-11-24,1,2022-11-18 14:40:31,2022-11-18 14:51:50,93.55,93.8,0.25,679.0,11.316666666666666
275,BANKNIFTY22112442400CE,BANKNIFTY22112442400CE,BANKNIFTY,OPTION,CE,42400,2022-11-24,1,2022-11-18 14:45:19,2022-11-18 14:51:51,310.25,312.0,1.75,392.0,6.533333333333333
276,BANKNIFTY22112442400PE,BANKNIFTY22112442400PE,BANKNIFTY,OPTION,PE,42400,2022-11-24,1,2022-11-18 14:45:19,2022-11-18 14:51:51,270.95,266.15,-4.800000000000011,392.0,6.533333333333333
277,NIFTY22112418350CE,NIFTY22112418350CE,NIFTY,OPTION,CE,18350,2022-11-24,1,2022-11-18 14:51:50,2022-11-18 14:54:19,93.2,91.45,-1.75,149.0,2.4833333333333334
278,NIFTY22112418350PE,NIFTY22112418350PE,NIFTY,OPTION,PE,18350,2022-11-24,1,2022-11-18 14:51:50,2022-11-18 14:54:19,116.75,117.15,0.4000000000000057,149.0,2.4833333333333334
279,NIFTY22112418300CE,NIFTY22112418300CE,NIFTY,OPTION,CE,18300,2022-11-24,1,2022-11-18 14:54:19,2022-11-18 14:54:21,117.55,117.35,-0.20000000000000284,2.0,0.03333333333333333
280,NIFTY22112418300PE,NIFTY22112418300PE,NIFTY,OPTION,PE,18300,2022-11-24,1,2022-11-18 14:54:19,2022-11-18 14:54:21,94.05,94.2,0.15000000000000568,2.0,0.03333333333333333
281,NIFTY22112418350CE,NIFTY22112418350CE,NIFTY,OPTION,CE,18350,2022-11-24,1,2022-11-18 14:54:21,2022-11-18 14:54:22,91.25,90.85,-0.4000000000000057,1.0,0.016666666666666666
282,NIFTY22112418350PE,NIFTY22112418350PE,NIFTY,OPTION,PE,18350,2022-11-24,1,2022-11-18 14:54:21,2022-11-18 14:54:22,117.6,117.65,0.05000000000001137,1.0,0.016666666666666666
283,NIFTY22112418300CE,NIFTY22112418300CE,NIFTY,OPTION,CE,18300,2022-11-24,1,2022-11-18 14:54:22,2022-11-18 14:54:25,117.05,118.0,0.9500000000000028,3.0,0.05
284,NIFTY22112418300PE,NIFTY22112418300PE,NIFTY,OPTION,PE,18300,2022-11-24,1,2022-11-18 14:54:22,2022-11-18 14:54:25,94.25,93.75,-0.5,3.0,0.05
285,NIFTY22112418350CE,NIFTY22112418350CE,NIFTY,OPTION,CE,18350,2022-11-24,1,2022-11-18 14:54:25,2022-11-18 14:54:26,91.55,91.2,-0.3499999999999943,1.0,0.016666666666666666
286,NIFTY22112418350PE,NIFTY22112418350PE,NIFTY,OPTION,PE,18350,2022-11-24,1,2022-11-18 14:54:25,2022-11-18 14:54:26,116.75,117.2,0.45000000000000284,1.0,0.016666666666666666
287,NIFTY22112418300CE,NIFTY22112418300CE,NIFTY,OPTION,CE,18300,2022-11-24,1,2022-11-18 14:54:26,2022-11-18 14:54:27,117.7,118.2,0.5,1.0,0.016666666666666666
288,NIFTY22112418300PE,NIFTY22112418300PE,NIFTY,OPTION,PE,18300,2022-11-24,1,2022-11-18 14:54:26,2022-11-18 14:54:27,93.8,93.4,-0.3999999999999915,1.0,0.016666666666666666
289,NIFTY22112418350CE,NIFTY22112418350CE,NIFTY,OPTION,CE,18350,2022-11-24,1,2022-11-18 14:54:27,2022-11-18 14:54:43,91.7,91.05,-0.6500000000000057,16.0,0.26666666666666666
290,NIFTY22112418350PE,NIFTY22112418350PE,NIFTY,OPTION,PE,18350,2022-11-24,1,2022-11-18 14:54:27,2022-11-18 14:54:43,116.55,117.55,1.0,16.0,0.26666666666666666
291,NIFTY22112418300CE,NIFTY22112418300CE,NIFTY,OPTION,CE,18300,2022-11-24,1,2022-11-18 14:54:43,2022-11-18 14:54:47,117.45,117.8,0.3499999999999943,4.0,0.06666666666666667
292,NIFTY22112418300PE,NIFTY22112418300PE,NIFTY,OPTION,PE,18300,2022-11-24,1,2022-11-18 14:54:43,2022-11-18 14:54:47,94.3,94.4,0.10000000000000853,4.0,0.06666666666666667
293,NIFTY22112418350CE,NIFTY22112418350CE,NIFTY,OPTION,CE,18350,2022-11-24,1,2022-11-18 14:54:47,2022-11-18 14:54:50,91.3,90.5,-0.7999999999999972,3.0,0.05
294,NIFTY22112418350PE,NIFTY22112418350PE,NIFTY,OPTION,PE,18350,2022-11-24,1,2022-11-18 14:54:47,2022-11-18 14:54:50,117.75,117.85,0.09999999999999432,3.0,0.05
295,BANKNIFTY22112442500CE,BANKNIFTY22112442500CE,BANKNIFTY,OPTION,CE,42500,2022-11-24,1,2022-11-18 14:51:51,2022-11-18 14:54:54,260.0,259.1,-0.8999999999999773,183.0,3.05
296,BANKNIFTY22112442500PE,BANKNIFTY22112442500PE,BANKNIFTY,OPTION,PE,42500,2022-11-24,1,2022-11-18 14:51:51,2022-11-18 14:54:54,315.25,313.25,-2.0,183.0,3.05
297,BANKNIFTY22112442400CE,BANKNIFTY22112442400CE,BANKNIFTY,OPTION,CE,42400,2022-11-24,1,2022-11-18 14:54:54,2022-11-18 14:54:56,311.7,312.45,0.75,2.0,0.03333333333333333
298,BANKNIFTY22112442400PE,BANKNIFTY22112442400PE,BANKNIFTY,OPTION,PE,42400,2022-11-24,1,2022-11-18 14:54:54,2022-11-18 14:54:56,264.0,263.9,-0.10000000000002274,2.0,0.03333333333333333
299,NIFTY22112418300CE,NIFTY22112418300CE,NIFTY,OPTION,CE,18300,2022-11-24,1,2022-11-18 14:54:50,2022-11-18 14:55:01,117.0,117.95,0.9500000000000028,11.0,0.18333333333333332
300,NIFTY22112418300PE,NIFTY22112418300PE,NIFTY,OPTION,PE,18300,2022-11-24,1,2022-11-18 14:54:50,2022-11-18 14:55:01,94.7,94.25,-0.45000000000000284,11.0,0.18333333333333332
301,NIFTY22112418350CE,NIFTY22112418350CE,NIFTY,OPTION,CE,18350,2022-11-24,1,2022-11-18 14:55:01,2022-11-18 14:55:02,91.25,91.25,0.0,1.0,0.016666666666666666
302,NIFTY22112418350PE,NIFTY22112418350PE,NIFTY,OPTION,PE,18350,2022-11-24,1,2022-11-18 14:55:01,2022-11-18 14:55:02,117.7,117.55,-0.15000000000000568,1.0,0.016666666666666666
303,NIFTY22112418300CE,NIFTY22112418300CE,NIFTY,OPTION,CE,18300,2022-11-24,1,2022-11-18 14:55:02,2022-11-18 14:55:06,117.75,118.5,0.75,4.0,0.06666666666666667
304,NIFTY22112418300PE,NIFTY22112418300PE,NIFTY,OPTION,PE,18300,2022-11-24,1,2022-11-18 14:55:02,2022-11-18 14:55:06,94.35,94.0,-0.3499999999999943,4.0,0.06666666666666667
305,NIFTY22112418350CE,NIFTY22112418350CE,NIFTY,OPTION,CE,18350,2022-11-24,1,2022-11-18 14:55:06,2022-11-18 14:55:11,91.85,91.1,-0.75,5.0,0.08333333333333333
306,NIFTY22112418350PE,NIFTY22112418350PE,NIFTY,OPTION,PE,18350,2022-11-24,1,2022-11-18 14:55:06,2022-11-18 14:55:11,117.25,118.15,0.9000000000000057,5.0,0.08333333333333333
307,BANKNIFTY22112442500CE,BANKNIFTY22112442500CE,BANKNIFTY,OPTION,CE,42500,2022-11-24,1,2022-11-18 14:54:56,2022-11-18 14:55:25,260.4,260.0,-0.39999999999997726,29.0,0.48333333333333334
308,BANKNIFTY22112442500PE,BANKNIFTY22112442500PE,BANKNIFTY,OPTION,PE,42500,2022-11-24,1,2022-11-18 14:54:56,2022-11-18 14:55:25,312.65,315.1,2.4500000000000455,29.0,0.48333333333333334
309,BANKNIFTY22112442400CE,BANKNIFTY22112442400CE,BANKNIFTY,OPTION,CE,42400,2022-11-24,1,2022-11-18 14:55:25,2022-11-18 14:55:57,311.3,315.6,4.300000000000011,32.0,0.5333333333333333
310,BANKNIFTY22112442400PE,BANKNIFTY22112442400PE,BANKNIFTY,OPTION,PE,42400,2022-11-24,1,2022-11-18 14:55:25,2022-11-18 14:55:57,266.5,263.15,-3.3500000000000227,32.0,0.5333333333333333
311,BANKNIFTY22112442500CE,BANKNIFTY22112442500CE,BANKNIFTY,OPTION,CE,42500,2022-11-24,1,2022-11-18 14:55:57,2022-11-18 14:56:00,263.55,261.5,-2.0500000000000114,3.0,0.05
312,BANKNIFTY22112442500PE,BANKNIFTY22112442500PE,BANKNIFTY,OPTION,PE,42500,2022-11-24,1,2022-11-18 14:55:57,2022-11-18 14:56:00,311.0,314.0,3.0,3.0,0.05
313,BANKNIFTY22112442400CE,BANKNIFTY22112442400CE,BANKNIFTY,OPTION,CE,42400,2022-11-24,1,2022-11-18 14:56:00,2022-11-18 14:56:04,312.75,314.75,2.0,4.0,0.06666666666666667
314,BANKNIFTY22112442400PE,BANKNIFTY22112442400PE,BANKNIFTY,OPTION,PE,42400,2022-11-24,1,2022-11-18 14:56:00,2022-11-18 14:56:04,265.85,264.7,-1.150000000000034,4.0,0.06666666666666667
315,BANKNIFTY22112442500CE,BANKNIFTY22112442500CE,BANKNIFTY,OPTION,CE,42500,2022-11-24,1,2022-11-18 14:56:04,2022-11-18 14:56:26,262.8,258.3,-4.5,22.0,0.36666666666666664
316,BANKNIFTY22112442500PE,BANKNIFTY22112442500PE,BANKNIFTY,OPTION,PE,42500,2022-11-24,1,2022-11-18 14:56:04,2022-11-18 14:56:26,313.35,317.25,3.8999999999999773,22.0,0.36666666666666664
317,BANKNIFTY22112442400CE,BANKNIFTY22112442400CE,BANKNIFTY,OPTION,CE,42400,2022-11-24,1,2022-11-18 14:56:26,2022-11-18 14:57:03,310.55,309.4,-1.150000000000034,37.0,0.6166666666666667
318,BANKNIFTY22112442400PE,BANKNIFTY22112442400PE,BANKNIFTY,OPTION,PE,42400,2022-11-24,1,2022-11-18 14:56:26,2022-11-18 14:57:03,269.45,269.4,-0.05000000000001137,37.0,0.6166666666666667
319,BANKNIFTY22112442500CE,BANKNIFTY22112442500CE,BANKNIFTY,OPTION,CE,42500,2022-11-24,1,2022-11-18 14:57:03,2022-11-18 14:57:05,259.5,258.0,-1.5,2.0,0.03333333333333333
320,BANKNIFTY22112442500PE,BANKNIFTY22112442500PE,BANKNIFTY,OPTION,PE,42500,2022-11-24,1,2022-11-18 14:57:03,2022-11-18 14:57:05,317.95,320.0,2.0500000000000114,2.0,0.03333333333333333
321,BANKNIFTY22112442400CE,BANKNIFTY22112442400CE,BANKNIFTY,OPTION,CE,42400,2022-11-24,1,2022-11-18 14:57:05,2022-11-18 14:57:26,309.4,314.75,5.350000000000023,21.0,0.35
322,BANKNIFTY22112442400PE,BANKNIFTY22112442400PE,BANKNIFTY,OPTION,PE,42400,2022-11-24,1,2022-11-18 14:57:05,2022-11-18 14:57:26,270.4,266.1,-4.2999999999999545,21.0,0.35
323,BANKNIFTY22112442500CE,BANKNIFTY22112442500CE,BANKNIFTY,OPTION,CE,42500,2022-11-24,1,2022-11-18 14:57:26,2022-11-18 14:57:32,262.35,260.9,-1.4500000000000455,6.0,0.1
324,BANKNIFTY22112442500PE,BANKNIFTY22112442500PE,BANKNIFTY,OPTION,PE,42500,2022-11-24,1,2022-11-18 14:57:26,2022-11-18 14:57:32,314.75,315.45,0.6999999999999886,6.0,0.1
325,BANKNIFTY22112442400CE,BANKNIFTY22112442400CE,BANKNIFTY,OPTION,CE,42400,2022-11-24,1,2022-11-18 14:57:32,2022-11-18 14:57:33,312.9,312.6,-0.2999999999999545,1.0,0.016666666666666666
326,BANKNIFTY22112442400PE,BANKNIFTY22112442400PE,BANKNIFTY,OPTION,PE,42400,2022-11-24,1,2022-11-18 14:57:32,2022-11-18 14:57:33,267.4,268.15,0.75,1.0,0.016666666666666666
327,NIFTY22112418300CE,NIFTY22112418300CE,NIFTY,OPTION,CE,18300,2022-11-24,1,2022-11-18 14:55:11,2022-11-18 14:57:45,117.45,120.3,2.8499999999999943,154.0,2.566666666666667
328,NIFTY22112418300PE,NIFTY22112418300PE,NIFTY,OPTION,PE,18300,2022-11-24,1,2022-11-18 14:55:11,2022-11-18 14:57:45,94.75,93.15,-1.5999999999999943,154.0,2.566666666666667
329,NIFTY22112418350CE,NIFTY22112418350CE,NIFTY,OPTION,CE,18350,2022-11-24,1,2022-11-18 14:57:45,2022-11-18 14:58:46,93.4,93.15,-0.25,61.0,1.0166666666666666
330,NIFTY22112418350PE,NIFTY22112418350PE,NIFTY,OPTION,PE,18350,2022-11-24,1,2022-11-18 14:57:45,2022-11-18 14:58:46,116.35,116.7,0.3500000000000085,61.0,1.0166666666666666
331,NIFTY22112418300CE,NIFTY22112418300CE,NIFTY,OPTION,CE,18300,2022-11-24,1,2022-11-18 14:58:46,2022-11-18 14:58:47,119.75,119.35,-0.4000000000000057,1.0,0.016666666666666666
332,NIFTY22112418300PE,NIFTY22112418300PE,NIFTY,OPTION,PE,18300,2022-11-24,1,2022-11-18 14:58:46,2022-11-18 14:58:47,93.5,93.7,0.20000000000000284,1.0,0.016666666666666666
333,NIFTY22112418350CE,NIFTY22112418350CE,NIFTY,OPTION,CE,18350,2022-11-24,1,2022-11-18 14:58:47,2022-11-18 15:11:35,92.85,116.5,23.650000000000006,768.0,12.8
334,NIFTY22112418350PE,NIFTY22112418350PE,NIFTY,OPTION,PE,18350,2022-11-24,1,2022-11-18 14:58:47,2022-11-18 15:11:35,117.0,91.0,-26.0,768.0,12.8
335,NIFTY22112418400CE,NIFTY22112418400CE,NIFTY,OPTION,CE,18400,2022-11-24,1,2022-11-18 15:11:35,2022-11-18 15:12:25,90.0,87.7,-2.299999999999997,50.0,0.8333333333333334
336,NIFTY22112418400PE,NIFTY22112418400PE,NIFTY,OPTION,PE,18400,2022-11-24,1,2022-11-18 15:11:35,2022-11-18 15:12:25,114.15,114.05,-0.10000000000000853,50.0,0.8333333333333334
337,NIFTY22112418350CE,NIFTY22112418350CE,NIFTY,OPTION,CE,18350,2022-11-24,1,2022-11-18 15:12:25,2022-11-18 15:12:30,114.3,115.2,0.9000000000000057,5.0,0.08333333333333333
338,NIFTY22112418350PE,NIFTY22112418350PE,NIFTY,OPTION,PE,18350,2022-11-24,1,2022-11-18 15:12:25,2022-11-18 15:12:30,90.4,90.25,-0.15000000000000568,5.0,0.08333333333333333
339,NIFTY22112418400CE,NIFTY22112418400CE,NIFTY,OPTION,CE,18400,2022-11-24,1,2022-11-18 15:12:30,2022-11-18 15:12:31,88.5,88.05,-0.45000000000000284,1.0,0.016666666666666666
340,NIFTY22112418400PE,NIFTY22112418400PE,NIFTY,OPTION,PE,18400,2022-11-24,1,2022-11-18 15:12:30,2022-11-18 15:12:31,113.8,113.45,-0.3499999999999943,1.0,0.016666666666666666
341,NIFTY22112418350CE,NIFTY22112418350CE,NIFTY,OPTION,CE,18350,2022-11-24,1,2022-11-18 15:12:31,2022-11-18 15:12:33,114.95,115.3,0.3499999999999943,2.0,0.03333333333333333
342,NIFTY22112418350PE,NIFTY22112418350PE,NIFTY,OPTION,PE,18350,2022-11-24,1,2022-11-18 15:12:31,2022-11-18 15:12:33,90.35,90.6,0.25,2.0,0.03333333333333333
343,NIFTY22112418400CE,NIFTY22112418400CE,NIFTY,OPTION,CE,18400,2022-11-24,1,2022-11-18 15:12:33,2022-11-18 15:12:34,88.6,88.6,0.0,1.0,0.016666666666666666
344,NIFTY22112418400PE,NIFTY22112418400PE,NIFTY,OPTION,PE,18400,2022-11-24,1,2022-11-18 15:12:33,2022-11-18 15:12:34,113.5,113.5,0.0,1.0,0.016666666666666666
345,NIFTY22112418350CE,NIFTY22112418350CE,NIFTY,OPTION,CE,18350,2022-11-24,1,2022-11-18 15:12:34,2022-11-18 15:12:36,115.45,115.2,-0.25,2.0,0.03333333333333333
346,NIFTY22112418350PE,NIFTY22112418350PE,NIFTY,OPTION,PE,18350,2022-11-24,1,2022-11-18 15:12:34,2022-11-18 15:12:36,90.6,90.45,-0.14999999999999147,2.0,0.03333333333333333
347,NIFTY22112418400CE,NIFTY22112418400CE,NIFTY,OPTION,CE,18400,2022-11-24,1,2022-11-18 15:12:36,2022-11-18 15:12:37,88.4,88.45,0.04999999999999716,1.0,0.016666666666666666
348,NIFTY22112418400PE,NIFTY22112418400PE,NIFTY,OPTION,PE,18400,2022-11-24,1,2022-11-18 15:12:36,2022-11-18 15:12:37,113.5,113.8,0.29999999999999716,1.0,0.016666666666666666
349,NIFTY22112418350CE,NIFTY22112418350CE,NIFTY,OPTION,CE,18350,2022-11-24,1,2022-11-18 15:12:37,2022-11-18 15:15:03,115.15,114.8,-0.3500000000000085,146.0,2.433333333333333
350,NIFTY22112418350PE,NIFTY22112418350PE,NIFTY,OPTION,PE,18350,2022-11-24,1,2022-11-18 15:12:37,2022-11-18 15:15:03,90.7,90.35,-0.3500000000000085,146.0,2.433333333333333
351,NIFTY22112418400CE,NIFTY22112418400CE,NIFTY,OPTION,CE,18400,2022-11-24,1,2022-11-18 15:15:03,2022-11-18 15:15:05,88.2,88.3,0.09999999999999432,2.0,0.03333333333333333
352,NIFTY22112418400PE,NIFTY22112418400PE,NIFTY,OPTION,PE,18400,2022-11-24,1,2022-11-18 15:15:03,2022-11-18 15:15:05,113.45,113.65,0.20000000000000284,2.0,0.03333333333333333
353,NIFTY22112418350CE,NIFTY22112418350CE,NIFTY,OPTION,CE,18350,2022-11-24,1,2022-11-18 15:15:05,2022-11-18 15:15:06,115.0,115.0,0.0,1.0,0.016666666666666666
354,NIFTY22112418350PE,NIFTY22112418350PE,NIFTY,OPTION,PE,18350,2022-11-24,1,2022-11-18 15:15:05,2022-11-18 15:15:06,90.5,90.7,0.20000000000000284,1.0,0.016666666666666666
355,NIFTY22112418400CE,NIFTY22112418400CE,NIFTY,OPTION,CE,18400,2022-11-24,1,2022-11-18 15:15:06,2022-11-18 15:15:08,88.3,87.4,-0.8999999999999915,2.0,0.03333333333333333
356,NIFTY22112418400PE,NIFTY22112418400PE,NIFTY,OPTION,PE,18400,2022-11-24,1,2022-11-18 15:15:06,2022-11-18 15:15:08,114.05,114.75,0.7000000000000028,2.0,0.03333333333333333
357,BANKNIFTY22112442500CE,BANKNIFTY22112442500CE,BANKNIFTY,OPTION,CE,42500,2022-11-24,1,2022-11-18 14:57:33,2022-11-18 15:30:00,260.0,276.75,16.75,1947.0,32.45
358,BANKNIFTY22112442500PE,BANKNIFTY22112442500PE,BANKNIFTY,OPTION,PE,42500,2022-11-24,1,2022-11-18 14:57:33,2022-11-18 15:30:00,316.6,265.0,-51.60000000000002,1947.0,32.45
359,NIFTY22112418350CE,NIFTY22112418350CE,NIFTY,OPTION,CE,18350,2022-11-24,1,2022-11-18 15:15:08,2022-11-18 15:30:00,113.9,92.7,-21.200000000000003,892.0,14.866666666666667
360,NIFTY22112418350PE,NIFTY22112418350PE,NIFTY,OPTION,PE,18350,2022-11-24,1,2022-11-18 15:15:08,2022-11-18 15:30:00,91.0,98.8,7.799999999999997,892.0,14.866666666666667
